2025-11-29 03:06:56,513 : (Admin) S >> 8=FIX.4.3|9=73|35=A|34=1|49=CLIENT|52=20251129-11:06:56.000|56=SERVER|98=0|108=30|141=Y|10=187|
2025-11-29 03:06:56,523 : (Admin) R << 8=FIX.4.3|9=73|35=A|34=1|49=SERVER|52=20251129-11:06:56.000|56=CLIENT|98=0|108=30|141=Y|10=187|
2025-11-29 03:07:04,215 : (App) S >> 8=FIX.4.3|9=155|35=D|34=2|49=CLIENT|52=20251129-11:07:04.000|56=SERVER|11=00001|21=3|38=100|40=2|44=1250|54=1|55=MSFT|58=Buying 1250 of msft|59=0|60=20251129-03:07:04.214|10=185|
2025-11-29 03:07:04,217 : (App) R << 8=FIX.4.3|9=148|35=8|34=2|49=SERVER|52=20251129-11:07:04.000|56=CLIENT|6=1250|11=00001|14=100|17=00008|31=1250|32=100|37=00008|38=100|39=2|54=1|55=MSFT|150=2|151=0|10=082|
2025-11-29 03:07:34,229 : (Admin) R << 8=FIX.4.3|9=55|35=0|34=3|49=SERVER|52=20251129-11:07:34.000|56=CLIENT|10=099|
2025-11-29 03:07:34,230 : (Admin) S >> 8=FIX.4.3|9=55|35=0|34=3|49=CLIENT|52=20251129-11:07:34.000|56=SERVER|10=099|
2025-11-29 03:08:04,107 : (Admin) S >> 8=FIX.4.3|9=55|35=0|34=4|49=CLIENT|52=20251129-11:08:04.000|56=SERVER|10=098|
2025-11-29 03:08:04,110 : (Admin) R << 8=FIX.4.3|9=55|35=0|34=4|49=SERVER|52=20251129-11:08:04.000|56=CLIENT|10=098|
2025-11-29 03:08:34,418 : (Admin) S >> 8=FIX.4.3|9=55|35=0|34=5|49=CLIENT|52=20251129-11:08:34.000|56=SERVER|10=102|
2025-11-29 03:08:34,419 : (Admin) R << 8=FIX.4.3|9=55|35=0|34=5|49=SERVER|52=20251129-11:08:34.000|56=CLIENT|10=102|
2025-11-29 03:09:04,105 : (Admin) R << 8=FIX.4.3|9=55|35=0|34=6|49=SERVER|52=20251129-11:09:04.000|56=CLIENT|10=101|
2025-11-29 03:09:04,105 : (Admin) S >> 8=FIX.4.3|9=55|35=0|34=6|49=CLIENT|52=20251129-11:09:04.000|56=SERVER|10=101|
2025-11-29 03:09:34,397 : (Admin) R << 8=FIX.4.3|9=55|35=0|34=7|49=SERVER|52=20251129-11:09:34.000|56=CLIENT|10=105|
2025-11-29 03:09:34,398 : (Admin) S >> 8=FIX.4.3|9=55|35=0|34=7|49=CLIENT|52=20251129-11:09:34.000|56=SERVER|10=105|
2025-11-29 03:10:04,241 : (Admin) S >> 8=FIX.4.3|9=55|35=0|34=8|49=CLIENT|52=20251129-11:10:04.000|56=SERVER|10=095|
2025-11-29 03:10:04,244 : (Admin) R << 8=FIX.4.3|9=55|35=0|34=8|49=SERVER|52=20251129-11:10:04.000|56=CLIENT|10=095|
2025-11-29 03:10:34,519 : (Admin) S >> 8=FIX.4.3|9=55|35=0|34=9|49=CLIENT|52=20251129-11:10:34.000|56=SERVER|10=099|
2025-11-29 03:10:34,523 : (Admin) R << 8=FIX.4.3|9=55|35=0|34=9|49=SERVER|52=20251129-11:10:34.000|56=CLIENT|10=099|
2025-11-29 03:11:04,261 : (Admin) R << 8=FIX.4.3|9=56|35=0|34=10|49=SERVER|52=20251129-11:11:04.000|56=CLIENT|10=138|
2025-11-29 03:11:04,261 : (Admin) S >> 8=FIX.4.3|9=56|35=0|34=10|49=CLIENT|52=20251129-11:11:04.000|56=SERVER|10=138|
2025-11-29 03:11:34,042 : (Admin) S >> 8=FIX.4.3|9=56|35=0|34=11|49=CLIENT|52=20251129-11:11:34.000|56=SERVER|10=142|
2025-11-29 03:11:34,047 : (Admin) R << 8=FIX.4.3|9=56|35=0|34=11|49=SERVER|52=20251129-11:11:34.000|56=CLIENT|10=142|
2025-11-29 03:12:04,374 : (Admin) S >> 8=FIX.4.3|9=56|35=0|34=12|49=CLIENT|52=20251129-11:12:04.000|56=SERVER|10=141|
2025-11-29 03:12:04,377 : (Admin) R << 8=FIX.4.3|9=56|35=0|34=12|49=SERVER|52=20251129-11:12:04.000|56=CLIENT|10=141|
2025-11-29 03:12:34,135 : (Admin) R << 8=FIX.4.3|9=56|35=0|34=13|49=SERVER|52=20251129-11:12:34.000|56=CLIENT|10=145|
2025-11-29 03:12:34,136 : (Admin) S >> 8=FIX.4.3|9=56|35=0|34=13|49=CLIENT|52=20251129-11:12:34.000|56=SERVER|10=145|
2025-11-29 03:13:04,061 : (Admin) S >> 8=FIX.4.3|9=56|35=0|34=14|49=CLIENT|52=20251129-11:13:04.000|56=SERVER|10=144|
2025-11-29 03:13:04,064 : (Admin) R << 8=FIX.4.3|9=56|35=0|34=14|49=SERVER|52=20251129-11:13:04.000|56=CLIENT|10=144|
2025-11-29 03:13:34,388 : (Admin) S >> 8=FIX.4.3|9=56|35=0|34=15|49=CLIENT|52=20251129-11:13:34.000|56=SERVER|10=148|
2025-11-29 03:13:34,391 : (Admin) R << 8=FIX.4.3|9=56|35=0|34=15|49=SERVER|52=20251129-11:13:34.000|56=CLIENT|10=148|
2025-11-29 03:14:04,686 : (Admin) S >> 8=FIX.4.3|9=56|35=0|34=16|49=CLIENT|52=20251129-11:14:04.000|56=SERVER|10=147|
2025-11-29 03:14:04,689 : (Admin) R << 8=FIX.4.3|9=56|35=0|34=16|49=SERVER|52=20251129-11:14:04.000|56=CLIENT|10=147|
2025-11-29 03:14:34,257 : (Admin) R << 8=FIX.4.3|9=56|35=0|34=17|49=SERVER|52=20251129-11:14:34.000|56=CLIENT|10=151|
2025-11-29 03:14:34,257 : (Admin) S >> 8=FIX.4.3|9=56|35=0|34=17|49=CLIENT|52=20251129-11:14:34.000|56=SERVER|10=151|
2025-11-29 03:15:04,229 : (Admin) S >> 8=FIX.4.3|9=56|35=0|34=18|49=CLIENT|52=20251129-11:15:04.000|56=SERVER|10=150|
2025-11-29 03:15:04,230 : (Admin) R << 8=FIX.4.3|9=56|35=0|34=18|49=SERVER|52=20251129-11:15:04.000|56=CLIENT|10=150|
2025-11-29 03:15:34,540 : (Admin) S >> 8=FIX.4.3|9=56|35=0|34=19|49=CLIENT|52=20251129-11:15:34.000|56=SERVER|10=154|
2025-11-29 03:15:34,542 : (Admin) R << 8=FIX.4.3|9=56|35=0|34=19|49=SERVER|52=20251129-11:15:34.000|56=CLIENT|10=154|
2025-11-29 03:16:04,000 : (Admin) R << 8=FIX.4.3|9=56|35=0|34=20|49=SERVER|52=20251129-11:16:04.000|56=CLIENT|10=144|
2025-11-29 03:16:04,001 : (Admin) S >> 8=FIX.4.3|9=56|35=0|34=20|49=CLIENT|52=20251129-11:16:04.000|56=SERVER|10=144|
2025-11-29 03:16:34,106 : (Admin) S >> 8=FIX.4.3|9=56|35=0|34=21|49=CLIENT|52=20251129-11:16:34.000|56=SERVER|10=148|
2025-11-29 03:16:34,109 : (Admin) R << 8=FIX.4.3|9=56|35=0|34=21|49=SERVER|52=20251129-11:16:34.000|56=CLIENT|10=148|
2025-11-29 03:17:04,428 : (Admin) S >> 8=FIX.4.3|9=56|35=0|34=22|49=CLIENT|52=20251129-11:17:04.000|56=SERVER|10=147|
2025-11-29 03:17:04,431 : (Admin) R << 8=FIX.4.3|9=56|35=0|34=22|49=SERVER|52=20251129-11:17:04.000|56=CLIENT|10=147|
2025-11-29 03:17:34,719 : (Admin) S >> 8=FIX.4.3|9=56|35=0|34=23|49=CLIENT|52=20251129-11:17:34.000|56=SERVER|10=151|
2025-11-29 03:17:34,721 : (Admin) R << 8=FIX.4.3|9=56|35=0|34=23|49=SERVER|52=20251129-11:17:34.000|56=CLIENT|10=151|
2025-11-29 03:18:04,251 : (Admin) R << 8=FIX.4.3|9=56|35=0|34=24|49=SERVER|52=20251129-11:18:04.000|56=CLIENT|10=150|
2025-11-29 03:18:04,251 : (Admin) S >> 8=FIX.4.3|9=56|35=0|34=24|49=CLIENT|52=20251129-11:18:04.000|56=SERVER|10=150|
2025-11-29 03:18:34,287 : (Admin) S >> 8=FIX.4.3|9=56|35=0|34=25|49=CLIENT|52=20251129-11:18:34.000|56=SERVER|10=154|
2025-11-29 03:18:34,288 : (Admin) R << 8=FIX.4.3|9=56|35=0|34=25|49=SERVER|52=20251129-11:18:34.000|56=CLIENT|10=154|
2025-11-29 03:19:04,578 : (Admin) S >> 8=FIX.4.3|9=56|35=0|34=26|49=CLIENT|52=20251129-11:19:04.000|56=SERVER|10=153|
2025-11-29 03:19:04,580 : (Admin) R << 8=FIX.4.3|9=56|35=0|34=26|49=SERVER|52=20251129-11:19:04.000|56=CLIENT|10=153|
2025-11-29 03:19:34,097 : (Admin) R << 8=FIX.4.3|9=56|35=0|34=27|49=SERVER|52=20251129-11:19:34.000|56=CLIENT|10=157|
2025-11-29 03:19:34,097 : (Admin) S >> 8=FIX.4.3|9=56|35=0|34=27|49=CLIENT|52=20251129-11:19:34.000|56=SERVER|10=157|
2025-11-29 03:20:04,144 : (Admin) S >> 8=FIX.4.3|9=56|35=0|34=28|49=CLIENT|52=20251129-11:20:04.000|56=SERVER|10=147|
2025-11-29 03:20:04,145 : (Admin) R << 8=FIX.4.3|9=56|35=0|34=28|49=SERVER|52=20251129-11:20:04.000|56=CLIENT|10=147|
2025-11-29 03:20:34,396 : (Admin) S >> 8=FIX.4.3|9=56|35=0|34=29|49=CLIENT|52=20251129-11:20:34.000|56=SERVER|10=151|
2025-11-29 03:20:34,398 : (Admin) R << 8=FIX.4.3|9=56|35=0|34=29|49=SERVER|52=20251129-11:20:34.000|56=CLIENT|10=151|
2025-11-29 03:21:04,665 : (Admin) S >> 8=FIX.4.3|9=56|35=0|34=30|49=CLIENT|52=20251129-11:21:04.000|56=SERVER|10=141|
2025-11-29 03:21:04,668 : (Admin) R << 8=FIX.4.3|9=56|35=0|34=30|49=SERVER|52=20251129-11:21:04.000|56=CLIENT|10=141|
2025-11-29 03:21:34,211 : (Admin) R << 8=FIX.4.3|9=56|35=0|34=31|49=SERVER|52=20251129-11:21:34.000|56=CLIENT|10=145|
2025-11-29 03:21:34,212 : (Admin) S >> 8=FIX.4.3|9=56|35=0|34=31|49=CLIENT|52=20251129-11:21:34.000|56=SERVER|10=145|
2025-11-29 03:22:04,245 : (Admin) S >> 8=FIX.4.3|9=56|35=0|34=32|49=CLIENT|52=20251129-11:22:04.000|56=SERVER|10=144|
2025-11-29 03:22:04,246 : (Admin) R << 8=FIX.4.3|9=56|35=0|34=32|49=SERVER|52=20251129-11:22:04.000|56=CLIENT|10=144|
2025-11-29 03:22:34,561 : (Admin) S >> 8=FIX.4.3|9=56|35=0|34=33|49=CLIENT|52=20251129-11:22:34.000|56=SERVER|10=148|
2025-11-29 03:22:34,562 : (Admin) R << 8=FIX.4.3|9=56|35=0|34=33|49=SERVER|52=20251129-11:22:34.000|56=CLIENT|10=148|
2025-11-29 03:23:04,098 : (Admin) R << 8=FIX.4.3|9=56|35=0|34=34|49=SERVER|52=20251129-11:23:04.000|56=CLIENT|10=147|
2025-11-29 03:23:04,098 : (Admin) S >> 8=FIX.4.3|9=56|35=0|34=34|49=CLIENT|52=20251129-11:23:04.000|56=SERVER|10=147|
2025-11-29 03:23:34,183 : (Admin) S >> 8=FIX.4.3|9=56|35=0|34=35|49=CLIENT|52=20251129-11:23:34.000|56=SERVER|10=151|
2025-11-29 03:23:34,185 : (Admin) R << 8=FIX.4.3|9=56|35=0|34=35|49=SERVER|52=20251129-11:23:34.000|56=CLIENT|10=151|
2025-11-29 03:24:04,480 : (Admin) S >> 8=FIX.4.3|9=56|35=0|34=36|49=CLIENT|52=20251129-11:24:04.000|56=SERVER|10=150|
2025-11-29 03:24:04,481 : (Admin) R << 8=FIX.4.3|9=56|35=0|34=36|49=SERVER|52=20251129-11:24:04.000|56=CLIENT|10=150|
2025-11-29 03:24:34,057 : (Admin) R << 8=FIX.4.3|9=56|35=0|34=37|49=SERVER|52=20251129-11:24:34.000|56=CLIENT|10=154|
2025-11-29 03:24:34,057 : (Admin) S >> 8=FIX.4.3|9=56|35=0|34=37|49=CLIENT|52=20251129-11:24:34.000|56=SERVER|10=154|
2025-11-29 03:25:04,068 : (Admin) S >> 8=FIX.4.3|9=56|35=0|34=38|49=CLIENT|52=20251129-11:25:04.000|56=SERVER|10=153|
2025-11-29 03:25:04,070 : (Admin) R << 8=FIX.4.3|9=56|35=0|34=38|49=SERVER|52=20251129-11:25:04.000|56=CLIENT|10=153|
2025-11-29 03:25:34,330 : (Admin) S >> 8=FIX.4.3|9=56|35=0|34=39|49=CLIENT|52=20251129-11:25:34.000|56=SERVER|10=157|
2025-11-29 03:25:34,331 : (Admin) R << 8=FIX.4.3|9=56|35=0|34=39|49=SERVER|52=20251129-11:25:34.000|56=CLIENT|10=157|
2025-11-29 03:26:04,608 : (Admin) S >> 8=FIX.4.3|9=56|35=0|34=40|49=CLIENT|52=20251129-11:26:04.000|56=SERVER|10=147|
2025-11-29 03:26:04,610 : (Admin) R << 8=FIX.4.3|9=56|35=0|34=40|49=SERVER|52=20251129-11:26:04.000|56=CLIENT|10=147|
2025-11-29 03:26:34,105 : (Admin) R << 8=FIX.4.3|9=56|35=0|34=41|49=SERVER|52=20251129-11:26:34.000|56=CLIENT|10=151|
2025-11-29 03:26:34,105 : (Admin) S >> 8=FIX.4.3|9=56|35=0|34=41|49=CLIENT|52=20251129-11:26:34.000|56=SERVER|10=151|
2025-11-29 03:27:04,250 : (Admin) S >> 8=FIX.4.3|9=56|35=0|34=42|49=CLIENT|52=20251129-11:27:04.000|56=SERVER|10=150|
2025-11-29 03:27:04,251 : (Admin) R << 8=FIX.4.3|9=56|35=0|34=42|49=SERVER|52=20251129-11:27:04.000|56=CLIENT|10=150|
2025-11-29 03:27:34,565 : (Admin) S >> 8=FIX.4.3|9=56|35=0|34=43|49=CLIENT|52=20251129-11:27:34.000|56=SERVER|10=154|
2025-11-29 03:27:34,566 : (Admin) R << 8=FIX.4.3|9=56|35=0|34=43|49=SERVER|52=20251129-11:27:34.000|56=CLIENT|10=154|
2025-11-29 03:28:04,027 : (Admin) R << 8=FIX.4.3|9=56|35=0|34=44|49=SERVER|52=20251129-11:28:04.000|56=CLIENT|10=153|
2025-11-29 03:28:04,027 : (Admin) S >> 8=FIX.4.3|9=56|35=0|34=44|49=CLIENT|52=20251129-11:28:04.000|56=SERVER|10=153|
2025-11-29 03:28:34,105 : (Admin) S >> 8=FIX.4.3|9=56|35=0|34=45|49=CLIENT|52=20251129-11:28:34.000|56=SERVER|10=157|
2025-11-29 03:28:34,107 : (Admin) R << 8=FIX.4.3|9=56|35=0|34=45|49=SERVER|52=20251129-11:28:34.000|56=CLIENT|10=157|
2025-11-29 03:29:04,434 : (Admin) S >> 8=FIX.4.3|9=56|35=0|34=46|49=CLIENT|52=20251129-11:29:04.000|56=SERVER|10=156|
2025-11-29 03:29:04,435 : (Admin) R << 8=FIX.4.3|9=56|35=0|34=46|49=SERVER|52=20251129-11:29:04.000|56=CLIENT|10=156|
2025-11-29 03:29:34,709 : (Admin) S >> 8=FIX.4.3|9=56|35=0|34=47|49=CLIENT|52=20251129-11:29:34.000|56=SERVER|10=160|
2025-11-29 03:29:34,711 : (Admin) R << 8=FIX.4.3|9=56|35=0|34=47|49=SERVER|52=20251129-11:29:34.000|56=CLIENT|10=160|
2025-11-29 03:30:04,009 : (Admin) S >> 8=FIX.4.3|9=56|35=0|34=48|49=CLIENT|52=20251129-11:30:04.000|56=SERVER|10=150|
2025-11-29 03:30:04,011 : (Admin) R << 8=FIX.4.3|9=56|35=0|34=48|49=SERVER|52=20251129-11:30:04.000|56=CLIENT|10=150|
2025-11-29 03:30:34,271 : (Admin) S >> 8=FIX.4.3|9=56|35=0|34=49|49=CLIENT|52=20251129-11:30:34.000|56=SERVER|10=154|
2025-11-29 03:30:34,272 : (Admin) R << 8=FIX.4.3|9=56|35=0|34=49|49=SERVER|52=20251129-11:30:34.000|56=CLIENT|10=154|
2025-11-29 03:31:04,591 : (Admin) S >> 8=FIX.4.3|9=56|35=0|34=50|49=CLIENT|52=20251129-11:31:04.000|56=SERVER|10=144|
2025-11-29 03:31:04,593 : (Admin) R << 8=FIX.4.3|9=56|35=0|34=50|49=SERVER|52=20251129-11:31:04.000|56=CLIENT|10=144|
2025-11-29 03:31:34,097 : (Admin) R << 8=FIX.4.3|9=56|35=0|34=51|49=SERVER|52=20251129-11:31:34.000|56=CLIENT|10=148|
2025-11-29 03:31:34,098 : (Admin) S >> 8=FIX.4.3|9=56|35=0|34=51|49=CLIENT|52=20251129-11:31:34.000|56=SERVER|10=148|
2025-11-29 03:32:04,209 : (Admin) S >> 8=FIX.4.3|9=56|35=0|34=52|49=CLIENT|52=20251129-11:32:04.000|56=SERVER|10=147|
2025-11-29 03:32:04,210 : (Admin) R << 8=FIX.4.3|9=56|35=0|34=52|49=SERVER|52=20251129-11:32:04.000|56=CLIENT|10=147|
2025-11-29 03:32:34,500 : (Admin) S >> 8=FIX.4.3|9=56|35=0|34=53|49=CLIENT|52=20251129-11:32:34.000|56=SERVER|10=151|
2025-11-29 03:32:34,502 : (Admin) R << 8=FIX.4.3|9=56|35=0|34=53|49=SERVER|52=20251129-11:32:34.000|56=CLIENT|10=151|
2025-11-29 03:33:04,794 : (Admin) S >> 8=FIX.4.3|9=56|35=0|34=54|49=CLIENT|52=20251129-11:33:04.000|56=SERVER|10=150|
2025-11-29 03:33:04,796 : (Admin) R << 8=FIX.4.3|9=56|35=0|34=54|49=SERVER|52=20251129-11:33:04.000|56=CLIENT|10=150|
2025-11-29 03:33:34,071 : (Admin) S >> 8=FIX.4.3|9=56|35=0|34=55|49=CLIENT|52=20251129-11:33:34.000|56=SERVER|10=154|
2025-11-29 03:33:34,072 : (Admin) R << 8=FIX.4.3|9=56|35=0|34=55|49=SERVER|52=20251129-11:33:34.000|56=CLIENT|10=154|
2025-11-29 03:34:04,410 : (Admin) S >> 8=FIX.4.3|9=56|35=0|34=56|49=CLIENT|52=20251129-11:34:04.000|56=SERVER|10=153|
2025-11-29 03:34:04,411 : (Admin) R << 8=FIX.4.3|9=56|35=0|34=56|49=SERVER|52=20251129-11:34:04.000|56=CLIENT|10=153|
2025-11-29 03:34:34,715 : (Admin) S >> 8=FIX.4.3|9=56|35=0|34=57|49=CLIENT|52=20251129-11:34:34.000|56=SERVER|10=157|
2025-11-29 03:34:34,718 : (Admin) R << 8=FIX.4.3|9=56|35=0|34=57|49=SERVER|52=20251129-11:34:34.000|56=CLIENT|10=157|
2025-11-29 03:35:04,138 : (Admin) R << 8=FIX.4.3|9=56|35=0|34=58|49=SERVER|52=20251129-11:35:04.000|56=CLIENT|10=156|
2025-11-29 03:35:04,139 : (Admin) S >> 8=FIX.4.3|9=56|35=0|34=58|49=CLIENT|52=20251129-11:35:04.000|56=SERVER|10=156|
2025-11-29 03:35:34,277 : (Admin) S >> 8=FIX.4.3|9=56|35=0|34=59|49=CLIENT|52=20251129-11:35:34.000|56=SERVER|10=160|
2025-11-29 03:35:34,279 : (Admin) R << 8=FIX.4.3|9=56|35=0|34=59|49=SERVER|52=20251129-11:35:34.000|56=CLIENT|10=160|
2025-11-29 03:36:04,577 : (Admin) S >> 8=FIX.4.3|9=56|35=0|34=60|49=CLIENT|52=20251129-11:36:04.000|56=SERVER|10=150|
2025-11-29 03:36:04,578 : (Admin) R << 8=FIX.4.3|9=56|35=0|34=60|49=SERVER|52=20251129-11:36:04.000|56=CLIENT|10=150|
2025-11-29 03:36:34,861 : (Admin) S >> 8=FIX.4.3|9=56|35=0|34=61|49=CLIENT|52=20251129-11:36:34.000|56=SERVER|10=154|
2025-11-29 03:36:34,863 : (Admin) R << 8=FIX.4.3|9=56|35=0|34=61|49=SERVER|52=20251129-11:36:34.000|56=CLIENT|10=154|
2025-11-29 03:37:04,143 : (Admin) S >> 8=FIX.4.3|9=56|35=0|34=62|49=CLIENT|52=20251129-11:37:04.000|56=SERVER|10=153|
2025-11-29 03:37:04,144 : (Admin) R << 8=FIX.4.3|9=56|35=0|34=62|49=SERVER|52=20251129-11:37:04.000|56=CLIENT|10=153|
2025-11-29 03:37:34,466 : (Admin) S >> 8=FIX.4.3|9=56|35=0|34=63|49=CLIENT|52=20251129-11:37:34.000|56=SERVER|10=157|
2025-11-29 03:37:34,468 : (Admin) R << 8=FIX.4.3|9=56|35=0|34=63|49=SERVER|52=20251129-11:37:34.000|56=CLIENT|10=157|
2025-11-29 03:38:04,746 : (Admin) S >> 8=FIX.4.3|9=56|35=0|34=64|49=CLIENT|52=20251129-11:38:04.000|56=SERVER|10=156|
2025-11-29 03:38:04,748 : (Admin) R << 8=FIX.4.3|9=56|35=0|34=64|49=SERVER|52=20251129-11:38:04.000|56=CLIENT|10=156|
2025-11-29 03:38:34,129 : (Admin) R << 8=FIX.4.3|9=56|35=0|34=65|49=SERVER|52=20251129-11:38:34.000|56=CLIENT|10=160|
2025-11-29 03:38:34,130 : (Admin) S >> 8=FIX.4.3|9=56|35=0|34=65|49=CLIENT|52=20251129-11:38:34.000|56=SERVER|10=160|
2025-11-29 03:39:04,289 : (Admin) S >> 8=FIX.4.3|9=56|35=0|34=66|49=CLIENT|52=20251129-11:39:04.000|56=SERVER|10=159|
2025-11-29 03:39:04,291 : (Admin) R << 8=FIX.4.3|9=56|35=0|34=66|49=SERVER|52=20251129-11:39:04.000|56=CLIENT|10=159|
2025-11-29 03:39:34,531 : (Admin) S >> 8=FIX.4.3|9=56|35=0|34=67|49=CLIENT|52=20251129-11:39:34.000|56=SERVER|10=163|
2025-11-29 03:39:34,535 : (Admin) R << 8=FIX.4.3|9=56|35=0|34=67|49=SERVER|52=20251129-11:39:34.000|56=CLIENT|10=163|
2025-11-29 03:40:04,799 : (Admin) S >> 8=FIX.4.3|9=56|35=0|34=68|49=CLIENT|52=20251129-11:40:04.000|56=SERVER|10=153|
2025-11-29 03:40:04,801 : (Admin) R << 8=FIX.4.3|9=56|35=0|34=68|49=SERVER|52=20251129-11:40:04.000|56=CLIENT|10=153|
2025-11-29 03:40:34,069 : (Admin) S >> 8=FIX.4.3|9=56|35=0|34=69|49=CLIENT|52=20251129-11:40:34.000|56=SERVER|10=157|
2025-11-29 03:40:34,071 : (Admin) R << 8=FIX.4.3|9=56|35=0|34=69|49=SERVER|52=20251129-11:40:34.000|56=CLIENT|10=157|
2025-11-29 03:41:04,351 : (Admin) S >> 8=FIX.4.3|9=56|35=0|34=70|49=CLIENT|52=20251129-11:41:04.000|56=SERVER|10=147|
2025-11-29 03:41:04,353 : (Admin) R << 8=FIX.4.3|9=56|35=0|34=70|49=SERVER|52=20251129-11:41:04.000|56=CLIENT|10=147|
2025-11-29 03:41:34,588 : (Admin) S >> 8=FIX.4.3|9=56|35=0|34=71|49=CLIENT|52=20251129-11:41:34.000|56=SERVER|10=151|
2025-11-29 03:41:34,589 : (Admin) R << 8=FIX.4.3|9=56|35=0|34=71|49=SERVER|52=20251129-11:41:34.000|56=CLIENT|10=151|
2025-11-29 03:42:04,921 : (Admin) S >> 8=FIX.4.3|9=56|35=0|34=72|49=CLIENT|52=20251129-11:42:04.000|56=SERVER|10=150|
2025-11-29 03:42:04,924 : (Admin) R << 8=FIX.4.3|9=56|35=0|34=72|49=SERVER|52=20251129-11:42:04.000|56=CLIENT|10=150|
2025-11-29 03:42:34,164 : (Admin) S >> 8=FIX.4.3|9=56|35=0|34=73|49=CLIENT|52=20251129-11:42:34.000|56=SERVER|10=154|
2025-11-29 03:42:34,167 : (Admin) R << 8=FIX.4.3|9=56|35=0|34=73|49=SERVER|52=20251129-11:42:34.000|56=CLIENT|10=154|
2025-11-29 03:43:04,424 : (Admin) S >> 8=FIX.4.3|9=56|35=0|34=74|49=CLIENT|52=20251129-11:43:04.000|56=SERVER|10=153|
2025-11-29 03:43:04,426 : (Admin) R << 8=FIX.4.3|9=56|35=0|34=74|49=SERVER|52=20251129-11:43:04.000|56=CLIENT|10=153|
2025-11-29 03:43:34,655 : (Admin) S >> 8=FIX.4.3|9=56|35=0|34=75|49=CLIENT|52=20251129-11:43:34.000|56=SERVER|10=157|
2025-11-29 03:43:34,656 : (Admin) R << 8=FIX.4.3|9=56|35=0|34=75|49=SERVER|52=20251129-11:43:34.000|56=CLIENT|10=157|
2025-11-29 03:44:04,930 : (Admin) S >> 8=FIX.4.3|9=56|35=0|34=76|49=CLIENT|52=20251129-11:44:04.000|56=SERVER|10=156|
2025-11-29 03:44:04,933 : (Admin) R << 8=FIX.4.3|9=56|35=0|34=76|49=SERVER|52=20251129-11:44:04.000|56=CLIENT|10=156|
2025-11-29 03:44:34,177 : (Admin) S >> 8=FIX.4.3|9=56|35=0|34=77|49=CLIENT|52=20251129-11:44:34.000|56=SERVER|10=160|
2025-11-29 03:44:34,179 : (Admin) R << 8=FIX.4.3|9=56|35=0|34=77|49=SERVER|52=20251129-11:44:34.000|56=CLIENT|10=160|
2025-11-29 03:45:04,388 : (Admin) S >> 8=FIX.4.3|9=56|35=0|34=78|49=CLIENT|52=20251129-11:45:04.000|56=SERVER|10=159|
2025-11-29 03:45:04,391 : (Admin) R << 8=FIX.4.3|9=56|35=0|34=78|49=SERVER|52=20251129-11:45:04.000|56=CLIENT|10=159|
2025-11-29 03:45:34,670 : (Admin) S >> 8=FIX.4.3|9=56|35=0|34=79|49=CLIENT|52=20251129-11:45:34.000|56=SERVER|10=163|
2025-11-29 03:45:34,673 : (Admin) R << 8=FIX.4.3|9=56|35=0|34=79|49=SERVER|52=20251129-11:45:34.000|56=CLIENT|10=163|
2025-11-29 03:46:04,005 : (Admin) R << 8=FIX.4.3|9=56|35=0|34=80|49=SERVER|52=20251129-11:46:04.000|56=CLIENT|10=153|
2025-11-29 03:46:04,005 : (Admin) S >> 8=FIX.4.3|9=56|35=0|34=80|49=CLIENT|52=20251129-11:46:04.000|56=SERVER|10=153|
2025-11-29 03:46:34,156 : (Admin) S >> 8=FIX.4.3|9=56|35=0|34=81|49=CLIENT|52=20251129-11:46:34.000|56=SERVER|10=157|
2025-11-29 03:46:34,160 : (Admin) R << 8=FIX.4.3|9=56|35=0|34=81|49=SERVER|52=20251129-11:46:34.000|56=CLIENT|10=157|
2025-11-29 03:47:04,458 : (Admin) S >> 8=FIX.4.3|9=56|35=0|34=82|49=CLIENT|52=20251129-11:47:04.000|56=SERVER|10=156|
2025-11-29 03:47:04,460 : (Admin) R << 8=FIX.4.3|9=56|35=0|34=82|49=SERVER|52=20251129-11:47:04.000|56=CLIENT|10=156|
2025-11-29 03:47:34,742 : (Admin) S >> 8=FIX.4.3|9=56|35=0|34=83|49=CLIENT|52=20251129-11:47:34.000|56=SERVER|10=160|
2025-11-29 03:47:34,744 : (Admin) R << 8=FIX.4.3|9=56|35=0|34=83|49=SERVER|52=20251129-11:47:34.000|56=CLIENT|10=160|
2025-11-29 03:48:04,028 : (Admin) S >> 8=FIX.4.3|9=56|35=0|34=84|49=CLIENT|52=20251129-11:48:04.000|56=SERVER|10=159|
2025-11-29 03:48:04,030 : (Admin) R << 8=FIX.4.3|9=56|35=0|34=84|49=SERVER|52=20251129-11:48:04.000|56=CLIENT|10=159|
2025-11-29 03:48:34,327 : (Admin) S >> 8=FIX.4.3|9=56|35=0|34=85|49=CLIENT|52=20251129-11:48:34.000|56=SERVER|10=163|
2025-11-29 03:48:34,328 : (Admin) R << 8=FIX.4.3|9=56|35=0|34=85|49=SERVER|52=20251129-11:48:34.000|56=CLIENT|10=163|
2025-11-29 03:49:04,641 : (Admin) S >> 8=FIX.4.3|9=56|35=0|34=86|49=CLIENT|52=20251129-11:49:04.000|56=SERVER|10=162|
2025-11-29 03:49:04,644 : (Admin) R << 8=FIX.4.3|9=56|35=0|34=86|49=SERVER|52=20251129-11:49:04.000|56=CLIENT|10=162|
2025-11-29 03:49:34,908 : (Admin) S >> 8=FIX.4.3|9=56|35=0|34=87|49=CLIENT|52=20251129-11:49:34.000|56=SERVER|10=166|
2025-11-29 03:49:34,910 : (Admin) R << 8=FIX.4.3|9=56|35=0|34=87|49=SERVER|52=20251129-11:49:34.000|56=CLIENT|10=166|
2025-11-29 03:50:04,173 : (Admin) S >> 8=FIX.4.3|9=56|35=0|34=88|49=CLIENT|52=20251129-11:50:04.000|56=SERVER|10=156|
2025-11-29 03:50:04,174 : (Admin) R << 8=FIX.4.3|9=56|35=0|34=88|49=SERVER|52=20251129-11:50:04.000|56=CLIENT|10=156|
2025-11-29 03:50:34,434 : (Admin) S >> 8=FIX.4.3|9=56|35=0|34=89|49=CLIENT|52=20251129-11:50:34.000|56=SERVER|10=160|
2025-11-29 03:50:34,436 : (Admin) R << 8=FIX.4.3|9=56|35=0|34=89|49=SERVER|52=20251129-11:50:34.000|56=CLIENT|10=160|
2025-11-29 03:51:04,688 : (Admin) S >> 8=FIX.4.3|9=56|35=0|34=90|49=CLIENT|52=20251129-11:51:04.000|56=SERVER|10=150|
2025-11-29 03:51:04,690 : (Admin) R << 8=FIX.4.3|9=56|35=0|34=90|49=SERVER|52=20251129-11:51:04.000|56=CLIENT|10=150|
2025-11-29 03:51:34,051 : (Admin) R << 8=FIX.4.3|9=56|35=0|34=91|49=SERVER|52=20251129-11:51:34.000|56=CLIENT|10=154|
2025-11-29 03:51:34,052 : (Admin) S >> 8=FIX.4.3|9=56|35=0|34=91|49=CLIENT|52=20251129-11:51:34.000|56=SERVER|10=154|
2025-11-29 03:52:04,247 : (Admin) S >> 8=FIX.4.3|9=56|35=0|34=92|49=CLIENT|52=20251129-11:52:04.000|56=SERVER|10=153|
2025-11-29 03:52:04,248 : (Admin) R << 8=FIX.4.3|9=56|35=0|34=92|49=SERVER|52=20251129-11:52:04.000|56=CLIENT|10=153|
2025-11-29 03:52:34,529 : (Admin) S >> 8=FIX.4.3|9=56|35=0|34=93|49=CLIENT|52=20251129-11:52:34.000|56=SERVER|10=157|
2025-11-29 03:52:34,530 : (Admin) R << 8=FIX.4.3|9=56|35=0|34=93|49=SERVER|52=20251129-11:52:34.000|56=CLIENT|10=157|
2025-11-29 03:53:04,826 : (Admin) S >> 8=FIX.4.3|9=56|35=0|34=94|49=CLIENT|52=20251129-11:53:04.000|56=SERVER|10=156|
2025-11-29 03:53:04,828 : (Admin) R << 8=FIX.4.3|9=56|35=0|34=94|49=SERVER|52=20251129-11:53:04.000|56=CLIENT|10=156|
2025-11-29 03:53:34,072 : (Admin) S >> 8=FIX.4.3|9=56|35=0|34=95|49=CLIENT|52=20251129-11:53:34.000|56=SERVER|10=160|
2025-11-29 03:53:34,074 : (Admin) R << 8=FIX.4.3|9=56|35=0|34=95|49=SERVER|52=20251129-11:53:34.000|56=CLIENT|10=160|
2025-11-29 03:54:04,357 : (Admin) S >> 8=FIX.4.3|9=56|35=0|34=96|49=CLIENT|52=20251129-11:54:04.000|56=SERVER|10=159|
2025-11-29 03:54:04,359 : (Admin) R << 8=FIX.4.3|9=56|35=0|34=96|49=SERVER|52=20251129-11:54:04.000|56=CLIENT|10=159|
2025-11-29 03:54:34,672 : (Admin) S >> 8=FIX.4.3|9=56|35=0|34=97|49=CLIENT|52=20251129-11:54:34.000|56=SERVER|10=163|
2025-11-29 03:54:34,674 : (Admin) R << 8=FIX.4.3|9=56|35=0|34=97|49=SERVER|52=20251129-11:54:34.000|56=CLIENT|10=163|
2025-11-29 03:55:04,049 : (Admin) R << 8=FIX.4.3|9=56|35=0|34=98|49=SERVER|52=20251129-11:55:04.000|56=CLIENT|10=162|
2025-11-29 03:55:04,050 : (Admin) S >> 8=FIX.4.3|9=56|35=0|34=98|49=CLIENT|52=20251129-11:55:04.000|56=SERVER|10=162|
2025-11-29 03:55:34,215 : (Admin) S >> 8=FIX.4.3|9=56|35=0|34=99|49=CLIENT|52=20251129-11:55:34.000|56=SERVER|10=166|
2025-11-29 03:55:34,216 : (Admin) R << 8=FIX.4.3|9=56|35=0|34=99|49=SERVER|52=20251129-11:55:34.000|56=CLIENT|10=166|
2025-11-29 03:56:04,485 : (Admin) S >> 8=FIX.4.3|9=57|35=0|34=100|49=CLIENT|52=20251129-11:56:04.000|56=SERVER|10=196|
2025-11-29 03:56:04,487 : (Admin) R << 8=FIX.4.3|9=57|35=0|34=100|49=SERVER|52=20251129-11:56:04.000|56=CLIENT|10=196|
2025-11-29 03:56:34,770 : (Admin) S >> 8=FIX.4.3|9=57|35=0|34=101|49=CLIENT|52=20251129-11:56:34.000|56=SERVER|10=200|
2025-11-29 03:56:34,771 : (Admin) R << 8=FIX.4.3|9=57|35=0|34=101|49=SERVER|52=20251129-11:56:34.000|56=CLIENT|10=200|
2025-11-29 03:57:04,072 : (Admin) S >> 8=FIX.4.3|9=57|35=0|34=102|49=CLIENT|52=20251129-11:57:04.000|56=SERVER|10=199|
2025-11-29 03:57:04,075 : (Admin) R << 8=FIX.4.3|9=57|35=0|34=102|49=SERVER|52=20251129-11:57:04.000|56=CLIENT|10=199|
2025-11-29 03:57:34,366 : (Admin) S >> 8=FIX.4.3|9=57|35=0|34=103|49=CLIENT|52=20251129-11:57:34.000|56=SERVER|10=203|
2025-11-29 03:57:34,367 : (Admin) R << 8=FIX.4.3|9=57|35=0|34=103|49=SERVER|52=20251129-11:57:34.000|56=CLIENT|10=203|
2025-11-29 03:58:04,668 : (Admin) S >> 8=FIX.4.3|9=57|35=0|34=104|49=CLIENT|52=20251129-11:58:04.000|56=SERVER|10=202|
2025-11-29 03:58:04,669 : (Admin) R << 8=FIX.4.3|9=57|35=0|34=104|49=SERVER|52=20251129-11:58:04.000|56=CLIENT|10=202|
2025-11-29 03:58:34,046 : (Admin) R << 8=FIX.4.3|9=57|35=0|34=105|49=SERVER|52=20251129-11:58:34.000|56=CLIENT|10=206|
2025-11-29 03:58:34,046 : (Admin) S >> 8=FIX.4.3|9=57|35=0|34=105|49=CLIENT|52=20251129-11:58:34.000|56=SERVER|10=206|
2025-11-29 03:59:04,229 : (Admin) S >> 8=FIX.4.3|9=57|35=0|34=106|49=CLIENT|52=20251129-11:59:04.000|56=SERVER|10=205|
2025-11-29 03:59:04,231 : (Admin) R << 8=FIX.4.3|9=57|35=0|34=106|49=SERVER|52=20251129-11:59:04.000|56=CLIENT|10=205|
2025-11-29 03:59:34,500 : (Admin) S >> 8=FIX.4.3|9=57|35=0|34=107|49=CLIENT|52=20251129-11:59:34.000|56=SERVER|10=209|
2025-11-29 03:59:34,501 : (Admin) R << 8=FIX.4.3|9=57|35=0|34=107|49=SERVER|52=20251129-11:59:34.000|56=CLIENT|10=209|
2025-11-29 04:00:04,775 : (Admin) S >> 8=FIX.4.3|9=57|35=0|34=108|49=CLIENT|52=20251129-12:00:04.000|56=SERVER|10=194|
2025-11-29 04:00:04,777 : (Admin) R << 8=FIX.4.3|9=57|35=0|34=108|49=SERVER|52=20251129-12:00:04.000|56=CLIENT|10=194|
2025-11-29 04:00:34,061 : (Admin) S >> 8=FIX.4.3|9=57|35=0|34=109|49=CLIENT|52=20251129-12:00:34.000|56=SERVER|10=198|
2025-11-29 04:00:34,063 : (Admin) R << 8=FIX.4.3|9=57|35=0|34=109|49=SERVER|52=20251129-12:00:34.000|56=CLIENT|10=198|
2025-11-29 04:01:04,326 : (Admin) S >> 8=FIX.4.3|9=57|35=0|34=110|49=CLIENT|52=20251129-12:01:04.000|56=SERVER|10=188|
2025-11-29 04:01:04,327 : (Admin) R << 8=FIX.4.3|9=57|35=0|34=110|49=SERVER|52=20251129-12:01:04.000|56=CLIENT|10=188|
2025-11-29 04:01:34,587 : (Admin) S >> 8=FIX.4.3|9=57|35=0|34=111|49=CLIENT|52=20251129-12:01:34.000|56=SERVER|10=192|
2025-11-29 04:01:34,589 : (Admin) R << 8=FIX.4.3|9=57|35=0|34=111|49=SERVER|52=20251129-12:01:34.000|56=CLIENT|10=192|
2025-11-29 04:02:04,849 : (Admin) S >> 8=FIX.4.3|9=57|35=0|34=112|49=CLIENT|52=20251129-12:02:04.000|56=SERVER|10=191|
2025-11-29 04:02:04,850 : (Admin) R << 8=FIX.4.3|9=57|35=0|34=112|49=SERVER|52=20251129-12:02:04.000|56=CLIENT|10=191|
2025-11-29 04:02:34,116 : (Admin) S >> 8=FIX.4.3|9=57|35=0|34=113|49=CLIENT|52=20251129-12:02:34.000|56=SERVER|10=195|
2025-11-29 04:02:34,119 : (Admin) R << 8=FIX.4.3|9=57|35=0|34=113|49=SERVER|52=20251129-12:02:34.000|56=CLIENT|10=195|
2025-11-29 04:03:04,372 : (Admin) S >> 8=FIX.4.3|9=57|35=0|34=114|49=CLIENT|52=20251129-12:03:04.000|56=SERVER|10=194|
2025-11-29 04:03:04,374 : (Admin) R << 8=FIX.4.3|9=57|35=0|34=114|49=SERVER|52=20251129-12:03:04.000|56=CLIENT|10=194|
2025-11-29 04:03:34,654 : (Admin) S >> 8=FIX.4.3|9=57|35=0|34=115|49=CLIENT|52=20251129-12:03:34.000|56=SERVER|10=198|
2025-11-29 04:03:34,655 : (Admin) R << 8=FIX.4.3|9=57|35=0|34=115|49=SERVER|52=20251129-12:03:34.000|56=CLIENT|10=198|
2025-11-29 04:04:04,051 : (Admin) R << 8=FIX.4.3|9=57|35=0|34=116|49=SERVER|52=20251129-12:04:04.000|56=CLIENT|10=197|
2025-11-29 04:04:04,052 : (Admin) S >> 8=FIX.4.3|9=57|35=0|34=116|49=CLIENT|52=20251129-12:04:04.000|56=SERVER|10=197|
2025-11-29 04:04:34,192 : (Admin) S >> 8=FIX.4.3|9=57|35=0|34=117|49=CLIENT|52=20251129-12:04:34.000|56=SERVER|10=201|
2025-11-29 04:04:34,195 : (Admin) R << 8=FIX.4.3|9=57|35=0|34=117|49=SERVER|52=20251129-12:04:34.000|56=CLIENT|10=201|
2025-11-29 04:05:04,449 : (Admin) S >> 8=FIX.4.3|9=57|35=0|34=118|49=CLIENT|52=20251129-12:05:04.000|56=SERVER|10=200|
2025-11-29 04:05:04,450 : (Admin) R << 8=FIX.4.3|9=57|35=0|34=118|49=SERVER|52=20251129-12:05:04.000|56=CLIENT|10=200|
2025-11-29 04:05:34,729 : (Admin) S >> 8=FIX.4.3|9=57|35=0|34=119|49=CLIENT|52=20251129-12:05:34.000|56=SERVER|10=204|
2025-11-29 04:05:34,731 : (Admin) R << 8=FIX.4.3|9=57|35=0|34=119|49=SERVER|52=20251129-12:05:34.000|56=CLIENT|10=204|
2025-11-29 04:06:04,127 : (Admin) R << 8=FIX.4.3|9=57|35=0|34=120|49=SERVER|52=20251129-12:06:04.000|56=CLIENT|10=194|
2025-11-29 04:06:04,127 : (Admin) S >> 8=FIX.4.3|9=57|35=0|34=120|49=CLIENT|52=20251129-12:06:04.000|56=SERVER|10=194|
2025-11-29 04:06:34,279 : (Admin) S >> 8=FIX.4.3|9=57|35=0|34=121|49=CLIENT|52=20251129-12:06:34.000|56=SERVER|10=198|
2025-11-29 04:06:34,281 : (Admin) R << 8=FIX.4.3|9=57|35=0|34=121|49=SERVER|52=20251129-12:06:34.000|56=CLIENT|10=198|
2025-11-29 04:07:04,550 : (Admin) S >> 8=FIX.4.3|9=57|35=0|34=122|49=CLIENT|52=20251129-12:07:04.000|56=SERVER|10=197|
2025-11-29 04:07:04,554 : (Admin) R << 8=FIX.4.3|9=57|35=0|34=122|49=SERVER|52=20251129-12:07:04.000|56=CLIENT|10=197|
2025-11-29 04:07:34,821 : (Admin) S >> 8=FIX.4.3|9=57|35=0|34=123|49=CLIENT|52=20251129-12:07:34.000|56=SERVER|10=201|
2025-11-29 04:07:34,823 : (Admin) R << 8=FIX.4.3|9=57|35=0|34=123|49=SERVER|52=20251129-12:07:34.000|56=CLIENT|10=201|
2025-11-29 04:08:04,087 : (Admin) S >> 8=FIX.4.3|9=57|35=0|34=124|49=CLIENT|52=20251129-12:08:04.000|56=SERVER|10=200|
2025-11-29 04:08:04,089 : (Admin) R << 8=FIX.4.3|9=57|35=0|34=124|49=SERVER|52=20251129-12:08:04.000|56=CLIENT|10=200|
2025-11-29 04:08:34,422 : (Admin) S >> 8=FIX.4.3|9=57|35=0|34=125|49=CLIENT|52=20251129-12:08:34.000|56=SERVER|10=204|
2025-11-29 04:08:34,424 : (Admin) R << 8=FIX.4.3|9=57|35=0|34=125|49=SERVER|52=20251129-12:08:34.000|56=CLIENT|10=204|
2025-11-29 04:09:04,692 : (Admin) S >> 8=FIX.4.3|9=57|35=0|34=126|49=CLIENT|52=20251129-12:09:04.000|56=SERVER|10=203|
2025-11-29 04:09:04,694 : (Admin) R << 8=FIX.4.3|9=57|35=0|34=126|49=SERVER|52=20251129-12:09:04.000|56=CLIENT|10=203|
2025-11-29 04:09:34,098 : (Admin) R << 8=FIX.4.3|9=57|35=0|34=127|49=SERVER|52=20251129-12:09:34.000|56=CLIENT|10=207|
2025-11-29 04:09:34,099 : (Admin) S >> 8=FIX.4.3|9=57|35=0|34=127|49=CLIENT|52=20251129-12:09:34.000|56=SERVER|10=207|
2025-11-29 04:10:04,208 : (Admin) S >> 8=FIX.4.3|9=57|35=0|34=128|49=CLIENT|52=20251129-12:10:04.000|56=SERVER|10=197|
2025-11-29 04:10:04,213 : (Admin) R << 8=FIX.4.3|9=57|35=0|34=128|49=SERVER|52=20251129-12:10:04.000|56=CLIENT|10=197|
2025-11-29 04:10:34,476 : (Admin) S >> 8=FIX.4.3|9=57|35=0|34=129|49=CLIENT|52=20251129-12:10:34.000|56=SERVER|10=201|
2025-11-29 04:10:34,479 : (Admin) R << 8=FIX.4.3|9=57|35=0|34=129|49=SERVER|52=20251129-12:10:34.000|56=CLIENT|10=201|
2025-11-29 04:11:04,730 : (Admin) S >> 8=FIX.4.3|9=57|35=0|34=130|49=CLIENT|52=20251129-12:11:04.000|56=SERVER|10=191|
2025-11-29 04:11:04,733 : (Admin) R << 8=FIX.4.3|9=57|35=0|34=130|49=SERVER|52=20251129-12:11:04.000|56=CLIENT|10=191|
2025-11-29 04:11:34,041 : (Admin) S >> 8=FIX.4.3|9=57|35=0|34=131|49=CLIENT|52=20251129-12:11:34.000|56=SERVER|10=195|
2025-11-29 04:11:34,043 : (Admin) R << 8=FIX.4.3|9=57|35=0|34=131|49=SERVER|52=20251129-12:11:34.000|56=CLIENT|10=195|
2025-11-29 04:12:04,306 : (Admin) S >> 8=FIX.4.3|9=57|35=0|34=132|49=CLIENT|52=20251129-12:12:04.000|56=SERVER|10=194|
2025-11-29 04:12:04,310 : (Admin) R << 8=FIX.4.3|9=57|35=0|34=132|49=SERVER|52=20251129-12:12:04.000|56=CLIENT|10=194|
2025-11-29 04:12:34,588 : (Admin) S >> 8=FIX.4.3|9=57|35=0|34=133|49=CLIENT|52=20251129-12:12:34.000|56=SERVER|10=198|
2025-11-29 04:12:34,592 : (Admin) R << 8=FIX.4.3|9=57|35=0|34=133|49=SERVER|52=20251129-12:12:34.000|56=CLIENT|10=198|
2025-11-29 04:13:04,019 : (Admin) R << 8=FIX.4.3|9=57|35=0|34=134|49=SERVER|52=20251129-12:13:04.000|56=CLIENT|10=197|
2025-11-29 04:13:04,020 : (Admin) S >> 8=FIX.4.3|9=57|35=0|34=134|49=CLIENT|52=20251129-12:13:04.000|56=SERVER|10=197|
2025-11-29 04:13:34,115 : (Admin) S >> 8=FIX.4.3|9=57|35=0|34=135|49=CLIENT|52=20251129-12:13:34.000|56=SERVER|10=201|
2025-11-29 04:13:34,117 : (Admin) R << 8=FIX.4.3|9=57|35=0|34=135|49=SERVER|52=20251129-12:13:34.000|56=CLIENT|10=201|
2025-11-29 04:14:04,372 : (Admin) S >> 8=FIX.4.3|9=57|35=0|34=136|49=CLIENT|52=20251129-12:14:04.000|56=SERVER|10=200|
2025-11-29 04:14:04,375 : (Admin) R << 8=FIX.4.3|9=57|35=0|34=136|49=SERVER|52=20251129-12:14:04.000|56=CLIENT|10=200|
2025-11-29 04:14:34,665 : (Admin) S >> 8=FIX.4.3|9=57|35=0|34=137|49=CLIENT|52=20251129-12:14:34.000|56=SERVER|10=204|
2025-11-29 04:14:34,668 : (Admin) R << 8=FIX.4.3|9=57|35=0|34=137|49=SERVER|52=20251129-12:14:34.000|56=CLIENT|10=204|
2025-11-29 04:15:04,032 : (Admin) R << 8=FIX.4.3|9=57|35=0|34=138|49=SERVER|52=20251129-12:15:04.000|56=CLIENT|10=203|
2025-11-29 04:15:04,033 : (Admin) S >> 8=FIX.4.3|9=57|35=0|34=138|49=CLIENT|52=20251129-12:15:04.000|56=SERVER|10=203|
2025-11-29 04:15:34,159 : (Admin) S >> 8=FIX.4.3|9=57|35=0|34=139|49=CLIENT|52=20251129-12:15:34.000|56=SERVER|10=207|
2025-11-29 04:15:34,160 : (Admin) R << 8=FIX.4.3|9=57|35=0|34=139|49=SERVER|52=20251129-12:15:34.000|56=CLIENT|10=207|
2025-11-29 04:16:04,413 : (Admin) S >> 8=FIX.4.3|9=57|35=0|34=140|49=CLIENT|52=20251129-12:16:04.000|56=SERVER|10=197|
2025-11-29 04:16:04,417 : (Admin) R << 8=FIX.4.3|9=57|35=0|34=140|49=SERVER|52=20251129-12:16:04.000|56=CLIENT|10=197|
2025-11-29 04:16:34,698 : (Admin) S >> 8=FIX.4.3|9=57|35=0|34=141|49=CLIENT|52=20251129-12:16:34.000|56=SERVER|10=201|
2025-11-29 04:16:34,701 : (Admin) R << 8=FIX.4.3|9=57|35=0|34=141|49=SERVER|52=20251129-12:16:34.000|56=CLIENT|10=201|
2025-11-29 04:17:04,026 : (Admin) S >> 8=FIX.4.3|9=57|35=0|34=142|49=CLIENT|52=20251129-12:17:04.000|56=SERVER|10=200|
2025-11-29 04:17:04,030 : (Admin) R << 8=FIX.4.3|9=57|35=0|34=142|49=SERVER|52=20251129-12:17:04.000|56=CLIENT|10=200|
2025-11-29 04:17:34,349 : (Admin) S >> 8=FIX.4.3|9=57|35=0|34=143|49=CLIENT|52=20251129-12:17:34.000|56=SERVER|10=204|
2025-11-29 04:17:34,355 : (Admin) R << 8=FIX.4.3|9=57|35=0|34=143|49=SERVER|52=20251129-12:17:34.000|56=CLIENT|10=204|
2025-11-29 04:18:04,654 : (Admin) S >> 8=FIX.4.3|9=57|35=0|34=144|49=CLIENT|52=20251129-12:18:04.000|56=SERVER|10=203|
2025-11-29 04:18:04,657 : (Admin) R << 8=FIX.4.3|9=57|35=0|34=144|49=SERVER|52=20251129-12:18:04.000|56=CLIENT|10=203|
2025-11-29 04:18:34,147 : (Admin) R << 8=FIX.4.3|9=57|35=0|34=145|49=SERVER|52=20251129-12:18:34.000|56=CLIENT|10=207|
2025-11-29 04:18:34,147 : (Admin) S >> 8=FIX.4.3|9=57|35=0|34=145|49=CLIENT|52=20251129-12:18:34.000|56=SERVER|10=207|
2025-11-29 04:19:04,327 : (Admin) S >> 8=FIX.4.3|9=57|35=0|34=146|49=CLIENT|52=20251129-12:19:04.000|56=SERVER|10=206|
2025-11-29 04:19:04,330 : (Admin) R << 8=FIX.4.3|9=57|35=0|34=146|49=SERVER|52=20251129-12:19:04.000|56=CLIENT|10=206|
2025-11-29 04:19:34,646 : (Admin) S >> 8=FIX.4.3|9=57|35=0|34=147|49=CLIENT|52=20251129-12:19:34.000|56=SERVER|10=210|
2025-11-29 04:19:34,650 : (Admin) R << 8=FIX.4.3|9=57|35=0|34=147|49=SERVER|52=20251129-12:19:34.000|56=CLIENT|10=210|
2025-11-29 04:20:04,078 : (Admin) R << 8=FIX.4.3|9=57|35=0|34=148|49=SERVER|52=20251129-12:20:04.000|56=CLIENT|10=200|
2025-11-29 04:20:04,079 : (Admin) S >> 8=FIX.4.3|9=57|35=0|34=148|49=CLIENT|52=20251129-12:20:04.000|56=SERVER|10=200|
2025-11-29 04:20:34,243 : (Admin) S >> 8=FIX.4.3|9=57|35=0|34=149|49=CLIENT|52=20251129-12:20:34.000|56=SERVER|10=204|
2025-11-29 04:20:34,247 : (Admin) R << 8=FIX.4.3|9=57|35=0|34=149|49=SERVER|52=20251129-12:20:34.000|56=CLIENT|10=204|
2025-11-29 04:21:04,521 : (Admin) S >> 8=FIX.4.3|9=57|35=0|34=150|49=CLIENT|52=20251129-12:21:04.000|56=SERVER|10=194|
2025-11-29 04:21:04,525 : (Admin) R << 8=FIX.4.3|9=57|35=0|34=150|49=SERVER|52=20251129-12:21:04.000|56=CLIENT|10=194|
2025-11-29 04:21:34,826 : (Admin) S >> 8=FIX.4.3|9=57|35=0|34=151|49=CLIENT|52=20251129-12:21:34.000|56=SERVER|10=198|
2025-11-29 04:21:34,830 : (Admin) R << 8=FIX.4.3|9=57|35=0|34=151|49=SERVER|52=20251129-12:21:34.000|56=CLIENT|10=198|
2025-11-29 04:22:04,076 : (Admin) S >> 8=FIX.4.3|9=57|35=0|34=152|49=CLIENT|52=20251129-12:22:04.000|56=SERVER|10=197|
2025-11-29 04:22:04,080 : (Admin) R << 8=FIX.4.3|9=57|35=0|34=152|49=SERVER|52=20251129-12:22:04.000|56=CLIENT|10=197|
2025-11-29 04:22:34,385 : (Admin) S >> 8=FIX.4.3|9=57|35=0|34=153|49=CLIENT|52=20251129-12:22:34.000|56=SERVER|10=201|
2025-11-29 04:22:34,389 : (Admin) R << 8=FIX.4.3|9=57|35=0|34=153|49=SERVER|52=20251129-12:22:34.000|56=CLIENT|10=201|
2025-11-29 04:23:04,714 : (Admin) S >> 8=FIX.4.3|9=57|35=0|34=154|49=CLIENT|52=20251129-12:23:04.000|56=SERVER|10=200|
2025-11-29 04:23:04,718 : (Admin) R << 8=FIX.4.3|9=57|35=0|34=154|49=SERVER|52=20251129-12:23:04.000|56=CLIENT|10=200|
2025-11-29 04:23:34,001 : (Admin) S >> 8=FIX.4.3|9=57|35=0|34=155|49=CLIENT|52=20251129-12:23:34.000|56=SERVER|10=204|
2025-11-29 04:23:34,006 : (Admin) R << 8=FIX.4.3|9=57|35=0|34=155|49=SERVER|52=20251129-12:23:34.000|56=CLIENT|10=204|
2025-11-29 04:24:04,269 : (Admin) S >> 8=FIX.4.3|9=57|35=0|34=156|49=CLIENT|52=20251129-12:24:04.000|56=SERVER|10=203|
2025-11-29 04:24:04,272 : (Admin) R << 8=FIX.4.3|9=57|35=0|34=156|49=SERVER|52=20251129-12:24:04.000|56=CLIENT|10=203|
2025-11-29 04:24:34,553 : (Admin) S >> 8=FIX.4.3|9=57|35=0|34=157|49=CLIENT|52=20251129-12:24:34.000|56=SERVER|10=207|
2025-11-29 04:24:34,554 : (Admin) R << 8=FIX.4.3|9=57|35=0|34=157|49=SERVER|52=20251129-12:24:34.000|56=CLIENT|10=207|
2025-11-29 04:25:04,061 : (Admin) R << 8=FIX.4.3|9=57|35=0|34=158|49=SERVER|52=20251129-12:25:04.000|56=CLIENT|10=206|
2025-11-29 04:25:04,061 : (Admin) S >> 8=FIX.4.3|9=57|35=0|34=158|49=CLIENT|52=20251129-12:25:04.000|56=SERVER|10=206|
2025-11-29 04:25:34,130 : (Admin) S >> 8=FIX.4.3|9=57|35=0|34=159|49=CLIENT|52=20251129-12:25:34.000|56=SERVER|10=210|
2025-11-29 04:25:34,132 : (Admin) R << 8=FIX.4.3|9=57|35=0|34=159|49=SERVER|52=20251129-12:25:34.000|56=CLIENT|10=210|
2025-11-29 04:26:04,437 : (Admin) S >> 8=FIX.4.3|9=57|35=0|34=160|49=CLIENT|52=20251129-12:26:04.000|56=SERVER|10=200|
2025-11-29 04:26:04,441 : (Admin) R << 8=FIX.4.3|9=57|35=0|34=160|49=SERVER|52=20251129-12:26:04.000|56=CLIENT|10=200|
2025-11-29 04:26:34,797 : (Admin) S >> 8=FIX.4.3|9=57|35=0|34=161|49=CLIENT|52=20251129-12:26:34.000|56=SERVER|10=204|
2025-11-29 04:26:34,801 : (Admin) R << 8=FIX.4.3|9=57|35=0|34=161|49=SERVER|52=20251129-12:26:34.000|56=CLIENT|10=204|
2025-11-29 04:27:04,104 : (Admin) S >> 8=FIX.4.3|9=57|35=0|34=162|49=CLIENT|52=20251129-12:27:04.000|56=SERVER|10=203|
2025-11-29 04:27:04,107 : (Admin) R << 8=FIX.4.3|9=57|35=0|34=162|49=SERVER|52=20251129-12:27:04.000|56=CLIENT|10=203|
2025-11-29 04:27:34,431 : (Admin) S >> 8=FIX.4.3|9=57|35=0|34=163|49=CLIENT|52=20251129-12:27:34.000|56=SERVER|10=207|
2025-11-29 04:27:34,436 : (Admin) R << 8=FIX.4.3|9=57|35=0|34=163|49=SERVER|52=20251129-12:27:34.000|56=CLIENT|10=207|
2025-11-29 04:28:04,765 : (Admin) S >> 8=FIX.4.3|9=57|35=0|34=164|49=CLIENT|52=20251129-12:28:04.000|56=SERVER|10=206|
2025-11-29 04:28:04,769 : (Admin) R << 8=FIX.4.3|9=57|35=0|34=164|49=SERVER|52=20251129-12:28:04.000|56=CLIENT|10=206|
2025-11-29 04:28:34,045 : (Admin) S >> 8=FIX.4.3|9=57|35=0|34=165|49=CLIENT|52=20251129-12:28:34.000|56=SERVER|10=210|
2025-11-29 04:28:34,046 : (Admin) R << 8=FIX.4.3|9=57|35=0|34=165|49=SERVER|52=20251129-12:28:34.000|56=CLIENT|10=210|
2025-11-29 04:29:04,414 : (Admin) S >> 8=FIX.4.3|9=57|35=0|34=166|49=CLIENT|52=20251129-12:29:04.000|56=SERVER|10=209|
2025-11-29 04:29:04,416 : (Admin) R << 8=FIX.4.3|9=57|35=0|34=166|49=SERVER|52=20251129-12:29:04.000|56=CLIENT|10=209|
2025-11-29 04:29:34,735 : (Admin) S >> 8=FIX.4.3|9=57|35=0|34=167|49=CLIENT|52=20251129-12:29:34.000|56=SERVER|10=213|
2025-11-29 04:29:34,739 : (Admin) R << 8=FIX.4.3|9=57|35=0|34=167|49=SERVER|52=20251129-12:29:34.000|56=CLIENT|10=213|
2025-11-29 04:30:04,076 : (Admin) S >> 8=FIX.4.3|9=57|35=0|34=168|49=CLIENT|52=20251129-12:30:04.000|56=SERVER|10=203|
2025-11-29 04:30:04,079 : (Admin) R << 8=FIX.4.3|9=57|35=0|34=168|49=SERVER|52=20251129-12:30:04.000|56=CLIENT|10=203|
2025-11-29 04:30:34,370 : (Admin) S >> 8=FIX.4.3|9=57|35=0|34=169|49=CLIENT|52=20251129-12:30:34.000|56=SERVER|10=207|
2025-11-29 04:30:34,371 : (Admin) R << 8=FIX.4.3|9=57|35=0|34=169|49=SERVER|52=20251129-12:30:34.000|56=CLIENT|10=207|
2025-11-29 04:31:04,689 : (Admin) S >> 8=FIX.4.3|9=57|35=0|34=170|49=CLIENT|52=20251129-12:31:04.000|56=SERVER|10=197|
2025-11-29 04:31:04,690 : (Admin) R << 8=FIX.4.3|9=57|35=0|34=170|49=SERVER|52=20251129-12:31:04.000|56=CLIENT|10=197|
2025-11-29 04:31:34,965 : (Admin) S >> 8=FIX.4.3|9=57|35=0|34=171|49=CLIENT|52=20251129-12:31:34.000|56=SERVER|10=201|
2025-11-29 04:31:34,966 : (Admin) R << 8=FIX.4.3|9=57|35=0|34=171|49=SERVER|52=20251129-12:31:34.000|56=CLIENT|10=201|
2025-11-29 04:32:04,244 : (Admin) S >> 8=FIX.4.3|9=57|35=0|34=172|49=CLIENT|52=20251129-12:32:04.000|56=SERVER|10=200|
2025-11-29 04:32:04,245 : (Admin) R << 8=FIX.4.3|9=57|35=0|34=172|49=SERVER|52=20251129-12:32:04.000|56=CLIENT|10=200|
2025-11-29 04:32:34,543 : (Admin) S >> 8=FIX.4.3|9=57|35=0|34=173|49=CLIENT|52=20251129-12:32:34.000|56=SERVER|10=204|
2025-11-29 04:32:34,543 : (Admin) R << 8=FIX.4.3|9=57|35=0|34=173|49=SERVER|52=20251129-12:32:34.000|56=CLIENT|10=204|
2025-11-29 04:33:04,852 : (Admin) S >> 8=FIX.4.3|9=57|35=0|34=174|49=CLIENT|52=20251129-12:33:04.000|56=SERVER|10=203|
2025-11-29 04:33:04,853 : (Admin) R << 8=FIX.4.3|9=57|35=0|34=174|49=SERVER|52=20251129-12:33:04.000|56=CLIENT|10=203|
2025-11-29 04:33:34,109 : (Admin) S >> 8=FIX.4.3|9=57|35=0|34=175|49=CLIENT|52=20251129-12:33:34.000|56=SERVER|10=207|
2025-11-29 04:33:34,110 : (Admin) R << 8=FIX.4.3|9=57|35=0|34=175|49=SERVER|52=20251129-12:33:34.000|56=CLIENT|10=207|
2025-11-29 04:34:04,401 : (Admin) S >> 8=FIX.4.3|9=57|35=0|34=176|49=CLIENT|52=20251129-12:34:04.000|56=SERVER|10=206|
2025-11-29 04:34:04,402 : (Admin) R << 8=FIX.4.3|9=57|35=0|34=176|49=SERVER|52=20251129-12:34:04.000|56=CLIENT|10=206|
2025-11-29 04:34:34,683 : (Admin) S >> 8=FIX.4.3|9=57|35=0|34=177|49=CLIENT|52=20251129-12:34:34.000|56=SERVER|10=210|
2025-11-29 04:34:34,685 : (Admin) R << 8=FIX.4.3|9=57|35=0|34=177|49=SERVER|52=20251129-12:34:34.000|56=CLIENT|10=210|
2025-11-29 04:35:04,937 : (Admin) S >> 8=FIX.4.3|9=57|35=0|34=178|49=CLIENT|52=20251129-12:35:04.000|56=SERVER|10=209|
2025-11-29 04:35:04,939 : (Admin) R << 8=FIX.4.3|9=57|35=0|34=178|49=SERVER|52=20251129-12:35:04.000|56=CLIENT|10=209|
2025-11-29 04:35:34,200 : (Admin) R << 8=FIX.4.3|9=57|35=0|34=179|49=SERVER|52=20251129-12:35:34.000|56=CLIENT|10=213|
2025-11-29 04:35:34,201 : (Admin) S >> 8=FIX.4.3|9=57|35=0|34=179|49=CLIENT|52=20251129-12:35:34.000|56=SERVER|10=213|
2025-11-29 04:36:04,454 : (Admin) R << 8=FIX.4.3|9=57|35=0|34=180|49=SERVER|52=20251129-12:36:04.000|56=CLIENT|10=203|
2025-11-29 04:36:04,455 : (Admin) S >> 8=FIX.4.3|9=57|35=0|34=180|49=CLIENT|52=20251129-12:36:04.000|56=SERVER|10=203|
2025-11-29 04:36:34,738 : (Admin) R << 8=FIX.4.3|9=57|35=0|34=181|49=SERVER|52=20251129-12:36:34.000|56=CLIENT|10=207|
2025-11-29 04:36:34,739 : (Admin) S >> 8=FIX.4.3|9=57|35=0|34=181|49=CLIENT|52=20251129-12:36:34.000|56=SERVER|10=207|
2025-11-29 04:37:05,014 : (Admin) S >> 8=FIX.4.3|9=57|35=0|34=182|49=CLIENT|52=20251129-12:37:05.000|56=SERVER|10=207|
2025-11-29 04:37:05,015 : (Admin) R << 8=FIX.4.3|9=57|35=0|34=182|49=SERVER|52=20251129-12:37:05.000|56=CLIENT|10=207|
2025-11-29 04:37:35,339 : (Admin) S >> 8=FIX.4.3|9=57|35=0|34=183|49=CLIENT|52=20251129-12:37:35.000|56=SERVER|10=211|
2025-11-29 04:37:35,340 : (Admin) R << 8=FIX.4.3|9=57|35=0|34=183|49=SERVER|52=20251129-12:37:35.000|56=CLIENT|10=211|
2025-11-29 04:38:05,629 : (Admin) S >> 8=FIX.4.3|9=57|35=0|34=184|49=CLIENT|52=20251129-12:38:05.000|56=SERVER|10=210|
2025-11-29 04:38:05,630 : (Admin) R << 8=FIX.4.3|9=57|35=0|34=184|49=SERVER|52=20251129-12:38:05.000|56=CLIENT|10=210|
2025-11-29 04:38:35,946 : (Admin) S >> 8=FIX.4.3|9=57|35=0|34=185|49=CLIENT|52=20251129-12:38:35.000|56=SERVER|10=214|
2025-11-29 04:38:35,948 : (Admin) R << 8=FIX.4.3|9=57|35=0|34=185|49=SERVER|52=20251129-12:38:35.000|56=CLIENT|10=214|
2025-11-29 04:39:05,248 : (Admin) S >> 8=FIX.4.3|9=57|35=0|34=186|49=CLIENT|52=20251129-12:39:05.000|56=SERVER|10=213|
2025-11-29 04:39:05,250 : (Admin) R << 8=FIX.4.3|9=57|35=0|34=186|49=SERVER|52=20251129-12:39:05.000|56=CLIENT|10=213|
2025-11-29 04:39:35,574 : (Admin) S >> 8=FIX.4.3|9=57|35=0|34=187|49=CLIENT|52=20251129-12:39:35.000|56=SERVER|10=217|
2025-11-29 04:39:35,574 : (Admin) R << 8=FIX.4.3|9=57|35=0|34=187|49=SERVER|52=20251129-12:39:35.000|56=CLIENT|10=217|
2025-11-29 04:40:05,874 : (Admin) S >> 8=FIX.4.3|9=57|35=0|34=188|49=CLIENT|52=20251129-12:40:05.000|56=SERVER|10=207|
2025-11-29 04:40:05,875 : (Admin) R << 8=FIX.4.3|9=57|35=0|34=188|49=SERVER|52=20251129-12:40:05.000|56=CLIENT|10=207|
2025-11-29 04:40:35,147 : (Admin) S >> 8=FIX.4.3|9=57|35=0|34=189|49=CLIENT|52=20251129-12:40:35.000|56=SERVER|10=211|
2025-11-29 04:40:35,149 : (Admin) R << 8=FIX.4.3|9=57|35=0|34=189|49=SERVER|52=20251129-12:40:35.000|56=CLIENT|10=211|
2025-11-29 04:41:05,418 : (Admin) R << 8=FIX.4.3|9=57|35=0|34=190|49=SERVER|52=20251129-12:41:05.000|56=CLIENT|10=201|
2025-11-29 04:41:05,419 : (Admin) S >> 8=FIX.4.3|9=57|35=0|34=190|49=CLIENT|52=20251129-12:41:05.000|56=SERVER|10=201|
2025-11-29 04:41:35,729 : (Admin) R << 8=FIX.4.3|9=57|35=0|34=191|49=SERVER|52=20251129-12:41:35.000|56=CLIENT|10=205|
2025-11-29 04:41:35,730 : (Admin) S >> 8=FIX.4.3|9=57|35=0|34=191|49=CLIENT|52=20251129-12:41:35.000|56=SERVER|10=205|
2025-11-29 04:42:06,004 : (Admin) S >> 8=FIX.4.3|9=57|35=0|34=192|49=CLIENT|52=20251129-12:42:06.000|56=SERVER|10=205|
2025-11-29 04:42:06,005 : (Admin) R << 8=FIX.4.3|9=57|35=0|34=192|49=SERVER|52=20251129-12:42:06.000|56=CLIENT|10=205|
2025-11-29 04:42:36,299 : (Admin) S >> 8=FIX.4.3|9=57|35=0|34=193|49=CLIENT|52=20251129-12:42:36.000|56=SERVER|10=209|
2025-11-29 04:42:36,300 : (Admin) R << 8=FIX.4.3|9=57|35=0|34=193|49=SERVER|52=20251129-12:42:36.000|56=CLIENT|10=209|
2025-11-29 04:43:06,590 : (Admin) S >> 8=FIX.4.3|9=57|35=0|34=194|49=CLIENT|52=20251129-12:43:06.000|56=SERVER|10=208|
2025-11-29 04:43:06,590 : (Admin) R << 8=FIX.4.3|9=57|35=0|34=194|49=SERVER|52=20251129-12:43:06.000|56=CLIENT|10=208|
2025-11-29 04:43:36,911 : (Admin) S >> 8=FIX.4.3|9=57|35=0|34=195|49=CLIENT|52=20251129-12:43:36.000|56=SERVER|10=212|
2025-11-29 04:43:36,912 : (Admin) R << 8=FIX.4.3|9=57|35=0|34=195|49=SERVER|52=20251129-12:43:36.000|56=CLIENT|10=212|
2025-11-29 04:44:06,195 : (Admin) S >> 8=FIX.4.3|9=57|35=0|34=196|49=CLIENT|52=20251129-12:44:06.000|56=SERVER|10=211|
2025-11-29 04:44:06,195 : (Admin) R << 8=FIX.4.3|9=57|35=0|34=196|49=SERVER|52=20251129-12:44:06.000|56=CLIENT|10=211|
2025-11-29 04:44:36,462 : (Admin) S >> 8=FIX.4.3|9=57|35=0|34=197|49=CLIENT|52=20251129-12:44:36.000|56=SERVER|10=215|
2025-11-29 04:44:36,462 : (Admin) R << 8=FIX.4.3|9=57|35=0|34=197|49=SERVER|52=20251129-12:44:36.000|56=CLIENT|10=215|
2025-11-29 04:45:06,757 : (Admin) S >> 8=FIX.4.3|9=57|35=0|34=198|49=CLIENT|52=20251129-12:45:06.000|56=SERVER|10=214|
2025-11-29 04:45:06,759 : (Admin) R << 8=FIX.4.3|9=57|35=0|34=198|49=SERVER|52=20251129-12:45:06.000|56=CLIENT|10=214|
2025-11-29 04:45:36,990 : (Admin) S >> 8=FIX.4.3|9=57|35=0|34=199|49=CLIENT|52=20251129-12:45:36.000|56=SERVER|10=218|
2025-11-29 04:45:36,991 : (Admin) R << 8=FIX.4.3|9=57|35=0|34=199|49=SERVER|52=20251129-12:45:36.000|56=CLIENT|10=218|
2025-11-29 04:46:06,301 : (Admin) S >> 8=FIX.4.3|9=57|35=0|34=200|49=CLIENT|52=20251129-12:46:06.000|56=SERVER|10=199|
2025-11-29 04:46:06,302 : (Admin) R << 8=FIX.4.3|9=57|35=0|34=200|49=SERVER|52=20251129-12:46:06.000|56=CLIENT|10=199|
2025-11-29 04:46:36,615 : (Admin) S >> 8=FIX.4.3|9=57|35=0|34=201|49=CLIENT|52=20251129-12:46:36.000|56=SERVER|10=203|
2025-11-29 04:46:36,617 : (Admin) R << 8=FIX.4.3|9=57|35=0|34=201|49=SERVER|52=20251129-12:46:36.000|56=CLIENT|10=203|
2025-11-29 04:47:06,874 : (Admin) S >> 8=FIX.4.3|9=57|35=0|34=202|49=CLIENT|52=20251129-12:47:06.000|56=SERVER|10=202|
2025-11-29 04:47:06,875 : (Admin) R << 8=FIX.4.3|9=57|35=0|34=202|49=SERVER|52=20251129-12:47:06.000|56=CLIENT|10=202|
2025-11-29 04:47:36,163 : (Admin) S >> 8=FIX.4.3|9=57|35=0|34=203|49=CLIENT|52=20251129-12:47:36.000|56=SERVER|10=206|
2025-11-29 04:47:36,164 : (Admin) R << 8=FIX.4.3|9=57|35=0|34=203|49=SERVER|52=20251129-12:47:36.000|56=CLIENT|10=206|
2025-11-29 04:48:06,451 : (Admin) S >> 8=FIX.4.3|9=57|35=0|34=204|49=CLIENT|52=20251129-12:48:06.000|56=SERVER|10=205|
2025-11-29 04:48:06,452 : (Admin) R << 8=FIX.4.3|9=57|35=0|34=204|49=SERVER|52=20251129-12:48:06.000|56=CLIENT|10=205|
2025-11-29 04:48:36,744 : (Admin) S >> 8=FIX.4.3|9=57|35=0|34=205|49=CLIENT|52=20251129-12:48:36.000|56=SERVER|10=209|
2025-11-29 04:48:36,744 : (Admin) R << 8=FIX.4.3|9=57|35=0|34=205|49=SERVER|52=20251129-12:48:36.000|56=CLIENT|10=209|
2025-11-29 04:49:06,037 : (Admin) S >> 8=FIX.4.3|9=57|35=0|34=206|49=CLIENT|52=20251129-12:49:06.000|56=SERVER|10=208|
2025-11-29 04:49:06,039 : (Admin) R << 8=FIX.4.3|9=57|35=0|34=206|49=SERVER|52=20251129-12:49:06.000|56=CLIENT|10=208|
2025-11-29 04:49:36,293 : (Admin) S >> 8=FIX.4.3|9=57|35=0|34=207|49=CLIENT|52=20251129-12:49:36.000|56=SERVER|10=212|
2025-11-29 04:49:36,294 : (Admin) R << 8=FIX.4.3|9=57|35=0|34=207|49=SERVER|52=20251129-12:49:36.000|56=CLIENT|10=212|
2025-11-29 04:50:06,601 : (Admin) S >> 8=FIX.4.3|9=57|35=0|34=208|49=CLIENT|52=20251129-12:50:06.000|56=SERVER|10=202|
2025-11-29 04:50:06,602 : (Admin) R << 8=FIX.4.3|9=57|35=0|34=208|49=SERVER|52=20251129-12:50:06.000|56=CLIENT|10=202|
2025-11-29 04:50:36,911 : (Admin) S >> 8=FIX.4.3|9=57|35=0|34=209|49=CLIENT|52=20251129-12:50:36.000|56=SERVER|10=206|
2025-11-29 04:50:36,913 : (Admin) R << 8=FIX.4.3|9=57|35=0|34=209|49=SERVER|52=20251129-12:50:36.000|56=CLIENT|10=206|
2025-11-29 04:51:06,194 : (Admin) S >> 8=FIX.4.3|9=57|35=0|34=210|49=CLIENT|52=20251129-12:51:06.000|56=SERVER|10=196|
2025-11-29 04:51:06,195 : (Admin) R << 8=FIX.4.3|9=57|35=0|34=210|49=SERVER|52=20251129-12:51:06.000|56=CLIENT|10=196|
2025-11-29 04:51:36,485 : (Admin) S >> 8=FIX.4.3|9=57|35=0|34=211|49=CLIENT|52=20251129-12:51:36.000|56=SERVER|10=200|
2025-11-29 04:51:36,485 : (Admin) R << 8=FIX.4.3|9=57|35=0|34=211|49=SERVER|52=20251129-12:51:36.000|56=CLIENT|10=200|
2025-11-29 04:52:06,805 : (Admin) S >> 8=FIX.4.3|9=57|35=0|34=212|49=CLIENT|52=20251129-12:52:06.000|56=SERVER|10=199|
2025-11-29 04:52:06,806 : (Admin) R << 8=FIX.4.3|9=57|35=0|34=212|49=SERVER|52=20251129-12:52:06.000|56=CLIENT|10=199|
2025-11-29 04:52:36,040 : (Admin) S >> 8=FIX.4.3|9=57|35=0|34=213|49=CLIENT|52=20251129-12:52:36.000|56=SERVER|10=203|
2025-11-29 04:52:36,041 : (Admin) R << 8=FIX.4.3|9=57|35=0|34=213|49=SERVER|52=20251129-12:52:36.000|56=CLIENT|10=203|
2025-11-29 04:53:06,370 : (Admin) S >> 8=FIX.4.3|9=57|35=0|34=214|49=CLIENT|52=20251129-12:53:06.000|56=SERVER|10=202|
2025-11-29 04:53:06,370 : (Admin) R << 8=FIX.4.3|9=57|35=0|34=214|49=SERVER|52=20251129-12:53:06.000|56=CLIENT|10=202|
2025-11-29 04:53:36,665 : (Admin) S >> 8=FIX.4.3|9=57|35=0|34=215|49=CLIENT|52=20251129-12:53:36.000|56=SERVER|10=206|
2025-11-29 04:53:36,667 : (Admin) R << 8=FIX.4.3|9=57|35=0|34=215|49=SERVER|52=20251129-12:53:36.000|56=CLIENT|10=206|
2025-11-29 04:54:06,948 : (Admin) S >> 8=FIX.4.3|9=57|35=0|34=216|49=CLIENT|52=20251129-12:54:06.000|56=SERVER|10=205|
2025-11-29 04:54:06,949 : (Admin) R << 8=FIX.4.3|9=57|35=0|34=216|49=SERVER|52=20251129-12:54:06.000|56=CLIENT|10=205|
2025-11-29 04:54:36,134 : (Admin) R << 8=FIX.4.3|9=57|35=0|34=217|49=SERVER|52=20251129-12:54:36.000|56=CLIENT|10=209|
2025-11-29 04:54:36,135 : (Admin) S >> 8=FIX.4.3|9=57|35=0|34=217|49=CLIENT|52=20251129-12:54:36.000|56=SERVER|10=209|
2025-11-29 04:55:06,357 : (Admin) S >> 8=FIX.4.3|9=57|35=0|34=218|49=CLIENT|52=20251129-12:55:06.000|56=SERVER|10=208|
2025-11-29 04:55:06,357 : (Admin) R << 8=FIX.4.3|9=57|35=0|34=218|49=SERVER|52=20251129-12:55:06.000|56=CLIENT|10=208|
2025-11-29 04:55:36,549 : (Admin) S >> 8=FIX.4.3|9=57|35=0|34=219|49=CLIENT|52=20251129-12:55:36.000|56=SERVER|10=212|
2025-11-29 04:55:36,550 : (Admin) R << 8=FIX.4.3|9=57|35=0|34=219|49=SERVER|52=20251129-12:55:36.000|56=CLIENT|10=212|
2025-11-29 04:56:06,834 : (Admin) S >> 8=FIX.4.3|9=57|35=0|34=220|49=CLIENT|52=20251129-12:56:06.000|56=SERVER|10=202|
2025-11-29 04:56:06,836 : (Admin) R << 8=FIX.4.3|9=57|35=0|34=220|49=SERVER|52=20251129-12:56:06.000|56=CLIENT|10=202|
2025-11-29 04:56:36,098 : (Admin) S >> 8=FIX.4.3|9=57|35=0|34=221|49=CLIENT|52=20251129-12:56:36.000|56=SERVER|10=206|
2025-11-29 04:56:36,099 : (Admin) R << 8=FIX.4.3|9=57|35=0|34=221|49=SERVER|52=20251129-12:56:36.000|56=CLIENT|10=206|
2025-11-29 04:57:06,327 : (Admin) S >> 8=FIX.4.3|9=57|35=0|34=222|49=CLIENT|52=20251129-12:57:06.000|56=SERVER|10=205|
2025-11-29 04:57:06,328 : (Admin) R << 8=FIX.4.3|9=57|35=0|34=222|49=SERVER|52=20251129-12:57:06.000|56=CLIENT|10=205|
2025-11-29 04:57:36,558 : (Admin) S >> 8=FIX.4.3|9=57|35=0|34=223|49=CLIENT|52=20251129-12:57:36.000|56=SERVER|10=209|
2025-11-29 04:57:36,560 : (Admin) R << 8=FIX.4.3|9=57|35=0|34=223|49=SERVER|52=20251129-12:57:36.000|56=CLIENT|10=209|
2025-11-29 04:58:06,850 : (Admin) S >> 8=FIX.4.3|9=57|35=0|34=224|49=CLIENT|52=20251129-12:58:06.000|56=SERVER|10=208|
2025-11-29 04:58:06,851 : (Admin) R << 8=FIX.4.3|9=57|35=0|34=224|49=SERVER|52=20251129-12:58:06.000|56=CLIENT|10=208|
2025-11-29 04:58:36,062 : (Admin) S >> 8=FIX.4.3|9=57|35=0|34=225|49=CLIENT|52=20251129-12:58:36.000|56=SERVER|10=212|
2025-11-29 04:58:36,063 : (Admin) R << 8=FIX.4.3|9=57|35=0|34=225|49=SERVER|52=20251129-12:58:36.000|56=CLIENT|10=212|
2025-11-29 04:59:06,322 : (Admin) S >> 8=FIX.4.3|9=57|35=0|34=226|49=CLIENT|52=20251129-12:59:06.000|56=SERVER|10=211|
2025-11-29 04:59:06,323 : (Admin) R << 8=FIX.4.3|9=57|35=0|34=226|49=SERVER|52=20251129-12:59:06.000|56=CLIENT|10=211|
2025-11-29 04:59:36,559 : (Admin) S >> 8=FIX.4.3|9=57|35=0|34=227|49=CLIENT|52=20251129-12:59:36.000|56=SERVER|10=215|
2025-11-29 04:59:36,561 : (Admin) R << 8=FIX.4.3|9=57|35=0|34=227|49=SERVER|52=20251129-12:59:36.000|56=CLIENT|10=215|
2025-11-29 05:00:06,806 : (Admin) S >> 8=FIX.4.3|9=57|35=0|34=228|49=CLIENT|52=20251129-13:00:06.000|56=SERVER|10=200|
2025-11-29 05:00:06,806 : (Admin) R << 8=FIX.4.3|9=57|35=0|34=228|49=SERVER|52=20251129-13:00:06.000|56=CLIENT|10=200|
2025-11-29 05:00:36,046 : (Admin) S >> 8=FIX.4.3|9=57|35=0|34=229|49=CLIENT|52=20251129-13:00:36.000|56=SERVER|10=204|
2025-11-29 05:00:36,048 : (Admin) R << 8=FIX.4.3|9=57|35=0|34=229|49=SERVER|52=20251129-13:00:36.000|56=CLIENT|10=204|
2025-11-29 05:01:06,281 : (Admin) S >> 8=FIX.4.3|9=57|35=0|34=230|49=CLIENT|52=20251129-13:01:06.000|56=SERVER|10=194|
2025-11-29 05:01:06,283 : (Admin) R << 8=FIX.4.3|9=57|35=0|34=230|49=SERVER|52=20251129-13:01:06.000|56=CLIENT|10=194|
2025-11-29 05:01:36,481 : (Admin) S >> 8=FIX.4.3|9=57|35=0|34=231|49=CLIENT|52=20251129-13:01:36.000|56=SERVER|10=198|
2025-11-29 05:01:36,486 : (Admin) R << 8=FIX.4.3|9=57|35=0|34=231|49=SERVER|52=20251129-13:01:36.000|56=CLIENT|10=198|
2025-11-29 05:02:06,748 : (Admin) S >> 8=FIX.4.3|9=57|35=0|34=232|49=CLIENT|52=20251129-13:02:06.000|56=SERVER|10=197|
2025-11-29 05:02:06,749 : (Admin) R << 8=FIX.4.3|9=57|35=0|34=232|49=SERVER|52=20251129-13:02:06.000|56=CLIENT|10=197|
2025-11-29 05:02:36,983 : (Admin) S >> 8=FIX.4.3|9=57|35=0|34=233|49=CLIENT|52=20251129-13:02:36.000|56=SERVER|10=201|
2025-11-29 05:02:36,985 : (Admin) R << 8=FIX.4.3|9=57|35=0|34=233|49=SERVER|52=20251129-13:02:36.000|56=CLIENT|10=201|
2025-11-29 05:03:06,200 : (Admin) S >> 8=FIX.4.3|9=57|35=0|34=234|49=CLIENT|52=20251129-13:03:06.000|56=SERVER|10=200|
2025-11-29 05:03:06,201 : (Admin) R << 8=FIX.4.3|9=57|35=0|34=234|49=SERVER|52=20251129-13:03:06.000|56=CLIENT|10=200|
2025-11-29 05:03:36,485 : (Admin) S >> 8=FIX.4.3|9=57|35=0|34=235|49=CLIENT|52=20251129-13:03:36.000|56=SERVER|10=204|
2025-11-29 05:03:36,486 : (Admin) R << 8=FIX.4.3|9=57|35=0|34=235|49=SERVER|52=20251129-13:03:36.000|56=CLIENT|10=204|
2025-11-29 05:04:06,728 : (Admin) S >> 8=FIX.4.3|9=57|35=0|34=236|49=CLIENT|52=20251129-13:04:06.000|56=SERVER|10=203|
2025-11-29 05:04:06,729 : (Admin) R << 8=FIX.4.3|9=57|35=0|34=236|49=SERVER|52=20251129-13:04:06.000|56=CLIENT|10=203|
2025-11-29 05:04:36,953 : (Admin) S >> 8=FIX.4.3|9=57|35=0|34=237|49=CLIENT|52=20251129-13:04:36.000|56=SERVER|10=207|
2025-11-29 05:04:36,954 : (Admin) R << 8=FIX.4.3|9=57|35=0|34=237|49=SERVER|52=20251129-13:04:36.000|56=CLIENT|10=207|
2025-11-29 05:05:06,224 : (Admin) S >> 8=FIX.4.3|9=57|35=0|34=238|49=CLIENT|52=20251129-13:05:06.000|56=SERVER|10=206|
2025-11-29 05:05:06,228 : (Admin) R << 8=FIX.4.3|9=57|35=0|34=238|49=SERVER|52=20251129-13:05:06.000|56=CLIENT|10=206|
2025-11-29 05:05:36,489 : (Admin) S >> 8=FIX.4.3|9=57|35=0|34=239|49=CLIENT|52=20251129-13:05:36.000|56=SERVER|10=210|
2025-11-29 05:05:36,494 : (Admin) R << 8=FIX.4.3|9=57|35=0|34=239|49=SERVER|52=20251129-13:05:36.000|56=CLIENT|10=210|
2025-11-29 05:06:06,740 : (Admin) S >> 8=FIX.4.3|9=57|35=0|34=240|49=CLIENT|52=20251129-13:06:06.000|56=SERVER|10=200|
2025-11-29 05:06:06,744 : (Admin) R << 8=FIX.4.3|9=57|35=0|34=240|49=SERVER|52=20251129-13:06:06.000|56=CLIENT|10=200|
2025-11-29 05:06:36,010 : (Admin) R << 8=FIX.4.3|9=57|35=0|34=241|49=SERVER|52=20251129-13:06:36.000|56=CLIENT|10=204|
2025-11-29 05:06:36,011 : (Admin) S >> 8=FIX.4.3|9=57|35=0|34=241|49=CLIENT|52=20251129-13:06:36.000|56=SERVER|10=204|
2025-11-29 05:07:06,247 : (Admin) S >> 8=FIX.4.3|9=57|35=0|34=242|49=CLIENT|52=20251129-13:07:06.000|56=SERVER|10=203|
2025-11-29 05:07:06,250 : (Admin) R << 8=FIX.4.3|9=57|35=0|34=242|49=SERVER|52=20251129-13:07:06.000|56=CLIENT|10=203|
2025-11-29 05:07:36,474 : (Admin) S >> 8=FIX.4.3|9=57|35=0|34=243|49=CLIENT|52=20251129-13:07:36.000|56=SERVER|10=207|
2025-11-29 05:07:36,476 : (Admin) R << 8=FIX.4.3|9=57|35=0|34=243|49=SERVER|52=20251129-13:07:36.000|56=CLIENT|10=207|
2025-11-29 05:08:06,703 : (Admin) S >> 8=FIX.4.3|9=57|35=0|34=244|49=CLIENT|52=20251129-13:08:06.000|56=SERVER|10=206|
2025-11-29 05:08:06,704 : (Admin) R << 8=FIX.4.3|9=57|35=0|34=244|49=SERVER|52=20251129-13:08:06.000|56=CLIENT|10=206|
2025-11-29 05:08:37,014 : (Admin) S >> 8=FIX.4.3|9=57|35=0|34=245|49=CLIENT|52=20251129-13:08:37.000|56=SERVER|10=211|
2025-11-29 05:08:37,015 : (Admin) R << 8=FIX.4.3|9=57|35=0|34=245|49=SERVER|52=20251129-13:08:37.000|56=CLIENT|10=211|
2025-11-29 05:09:07,296 : (Admin) S >> 8=FIX.4.3|9=57|35=0|34=246|49=CLIENT|52=20251129-13:09:07.000|56=SERVER|10=210|
2025-11-29 05:09:07,300 : (Admin) R << 8=FIX.4.3|9=57|35=0|34=246|49=SERVER|52=20251129-13:09:07.000|56=CLIENT|10=210|
2025-11-29 05:09:37,562 : (Admin) S >> 8=FIX.4.3|9=57|35=0|34=247|49=CLIENT|52=20251129-13:09:37.000|56=SERVER|10=214|
2025-11-29 05:09:37,564 : (Admin) R << 8=FIX.4.3|9=57|35=0|34=247|49=SERVER|52=20251129-13:09:37.000|56=CLIENT|10=214|
2025-11-29 05:10:07,820 : (Admin) R << 8=FIX.4.3|9=57|35=0|34=248|49=SERVER|52=20251129-13:10:07.000|56=CLIENT|10=204|
2025-11-29 05:10:07,821 : (Admin) S >> 8=FIX.4.3|9=57|35=0|34=248|49=CLIENT|52=20251129-13:10:07.000|56=SERVER|10=204|
2025-11-29 05:10:37,119 : (Admin) R << 8=FIX.4.3|9=57|35=0|34=249|49=SERVER|52=20251129-13:10:37.000|56=CLIENT|10=208|
2025-11-29 05:10:37,120 : (Admin) S >> 8=FIX.4.3|9=57|35=0|34=249|49=CLIENT|52=20251129-13:10:37.000|56=SERVER|10=208|
2025-11-29 05:11:07,366 : (Admin) S >> 8=FIX.4.3|9=57|35=0|34=250|49=CLIENT|52=20251129-13:11:07.000|56=SERVER|10=198|
2025-11-29 05:11:07,366 : (Admin) R << 8=FIX.4.3|9=57|35=0|34=250|49=SERVER|52=20251129-13:11:07.000|56=CLIENT|10=198|
2025-11-29 05:11:37,612 : (Admin) S >> 8=FIX.4.3|9=57|35=0|34=251|49=CLIENT|52=20251129-13:11:37.000|56=SERVER|10=202|
2025-11-29 05:11:37,613 : (Admin) R << 8=FIX.4.3|9=57|35=0|34=251|49=SERVER|52=20251129-13:11:37.000|56=CLIENT|10=202|
2025-11-29 05:12:07,902 : (Admin) S >> 8=FIX.4.3|9=57|35=0|34=252|49=CLIENT|52=20251129-13:12:07.000|56=SERVER|10=201|
2025-11-29 05:12:07,903 : (Admin) R << 8=FIX.4.3|9=57|35=0|34=252|49=SERVER|52=20251129-13:12:07.000|56=CLIENT|10=201|
2025-11-29 05:12:37,184 : (Admin) S >> 8=FIX.4.3|9=57|35=0|34=253|49=CLIENT|52=20251129-13:12:37.000|56=SERVER|10=205|
2025-11-29 05:12:37,185 : (Admin) R << 8=FIX.4.3|9=57|35=0|34=253|49=SERVER|52=20251129-13:12:37.000|56=CLIENT|10=205|
2025-11-29 05:13:07,466 : (Admin) S >> 8=FIX.4.3|9=57|35=0|34=254|49=CLIENT|52=20251129-13:13:07.000|56=SERVER|10=204|
2025-11-29 05:13:07,473 : (Admin) R << 8=FIX.4.3|9=57|35=0|34=254|49=SERVER|52=20251129-13:13:07.000|56=CLIENT|10=204|
2025-11-29 05:13:37,763 : (Admin) S >> 8=FIX.4.3|9=57|35=0|34=255|49=CLIENT|52=20251129-13:13:37.000|56=SERVER|10=208|
2025-11-29 05:13:37,764 : (Admin) R << 8=FIX.4.3|9=57|35=0|34=255|49=SERVER|52=20251129-13:13:37.000|56=CLIENT|10=208|
2025-11-29 05:14:07,042 : (Admin) S >> 8=FIX.4.3|9=57|35=0|34=256|49=CLIENT|52=20251129-13:14:07.000|56=SERVER|10=207|
2025-11-29 05:14:07,042 : (Admin) R << 8=FIX.4.3|9=57|35=0|34=256|49=SERVER|52=20251129-13:14:07.000|56=CLIENT|10=207|
2025-11-29 05:14:37,358 : (Admin) S >> 8=FIX.4.3|9=57|35=0|34=257|49=CLIENT|52=20251129-13:14:37.000|56=SERVER|10=211|
2025-11-29 05:14:37,360 : (Admin) R << 8=FIX.4.3|9=57|35=0|34=257|49=SERVER|52=20251129-13:14:37.000|56=CLIENT|10=211|
2025-11-29 05:15:07,651 : (Admin) S >> 8=FIX.4.3|9=57|35=0|34=258|49=CLIENT|52=20251129-13:15:07.000|56=SERVER|10=210|
2025-11-29 05:15:07,652 : (Admin) R << 8=FIX.4.3|9=57|35=0|34=258|49=SERVER|52=20251129-13:15:07.000|56=CLIENT|10=210|
2025-11-29 05:15:37,933 : (Admin) S >> 8=FIX.4.3|9=57|35=0|34=259|49=CLIENT|52=20251129-13:15:37.000|56=SERVER|10=214|
2025-11-29 05:15:37,933 : (Admin) R << 8=FIX.4.3|9=57|35=0|34=259|49=SERVER|52=20251129-13:15:37.000|56=CLIENT|10=214|
2025-11-29 05:16:07,190 : (Admin) S >> 8=FIX.4.3|9=57|35=0|34=260|49=CLIENT|52=20251129-13:16:07.000|56=SERVER|10=204|
2025-11-29 05:16:07,191 : (Admin) R << 8=FIX.4.3|9=57|35=0|34=260|49=SERVER|52=20251129-13:16:07.000|56=CLIENT|10=204|
2025-11-29 05:16:37,457 : (Admin) S >> 8=FIX.4.3|9=57|35=0|34=261|49=CLIENT|52=20251129-13:16:37.000|56=SERVER|10=208|
2025-11-29 05:16:37,458 : (Admin) R << 8=FIX.4.3|9=57|35=0|34=261|49=SERVER|52=20251129-13:16:37.000|56=CLIENT|10=208|
2025-11-29 05:17:07,751 : (Admin) S >> 8=FIX.4.3|9=57|35=0|34=262|49=CLIENT|52=20251129-13:17:07.000|56=SERVER|10=207|
2025-11-29 05:17:07,752 : (Admin) R << 8=FIX.4.3|9=57|35=0|34=262|49=SERVER|52=20251129-13:17:07.000|56=CLIENT|10=207|
2025-11-29 05:17:37,033 : (Admin) S >> 8=FIX.4.3|9=57|35=0|34=263|49=CLIENT|52=20251129-13:17:37.000|56=SERVER|10=211|
2025-11-29 05:17:37,034 : (Admin) R << 8=FIX.4.3|9=57|35=0|34=263|49=SERVER|52=20251129-13:17:37.000|56=CLIENT|10=211|
2025-11-29 05:18:07,326 : (Admin) S >> 8=FIX.4.3|9=57|35=0|34=264|49=CLIENT|52=20251129-13:18:07.000|56=SERVER|10=210|
2025-11-29 05:18:07,327 : (Admin) R << 8=FIX.4.3|9=57|35=0|34=264|49=SERVER|52=20251129-13:18:07.000|56=CLIENT|10=210|
2025-11-29 05:18:37,603 : (Admin) S >> 8=FIX.4.3|9=57|35=0|34=265|49=CLIENT|52=20251129-13:18:37.000|56=SERVER|10=214|
2025-11-29 05:18:37,604 : (Admin) R << 8=FIX.4.3|9=57|35=0|34=265|49=SERVER|52=20251129-13:18:37.000|56=CLIENT|10=214|
2025-11-29 05:19:07,872 : (Admin) S >> 8=FIX.4.3|9=57|35=0|34=266|49=CLIENT|52=20251129-13:19:07.000|56=SERVER|10=213|
2025-11-29 05:19:07,874 : (Admin) R << 8=FIX.4.3|9=57|35=0|34=266|49=SERVER|52=20251129-13:19:07.000|56=CLIENT|10=213|
2025-11-29 05:19:37,170 : (Admin) S >> 8=FIX.4.3|9=57|35=0|34=267|49=CLIENT|52=20251129-13:19:37.000|56=SERVER|10=217|
2025-11-29 05:19:37,171 : (Admin) R << 8=FIX.4.3|9=57|35=0|34=267|49=SERVER|52=20251129-13:19:37.000|56=CLIENT|10=217|
2025-11-29 05:20:07,504 : (Admin) S >> 8=FIX.4.3|9=57|35=0|34=268|49=CLIENT|52=20251129-13:20:07.000|56=SERVER|10=207|
2025-11-29 05:20:07,506 : (Admin) R << 8=FIX.4.3|9=57|35=0|34=268|49=SERVER|52=20251129-13:20:07.000|56=CLIENT|10=207|
2025-11-29 05:20:37,793 : (Admin) S >> 8=FIX.4.3|9=57|35=0|34=269|49=CLIENT|52=20251129-13:20:37.000|56=SERVER|10=211|
2025-11-29 05:20:37,794 : (Admin) R << 8=FIX.4.3|9=57|35=0|34=269|49=SERVER|52=20251129-13:20:37.000|56=CLIENT|10=211|
2025-11-29 05:21:07,042 : (Admin) S >> 8=FIX.4.3|9=57|35=0|34=270|49=CLIENT|52=20251129-13:21:07.000|56=SERVER|10=201|
2025-11-29 05:21:07,043 : (Admin) R << 8=FIX.4.3|9=57|35=0|34=270|49=SERVER|52=20251129-13:21:07.000|56=CLIENT|10=201|
2025-11-29 05:21:37,313 : (Admin) S >> 8=FIX.4.3|9=57|35=0|34=271|49=CLIENT|52=20251129-13:21:37.000|56=SERVER|10=205|
2025-11-29 05:21:37,315 : (Admin) R << 8=FIX.4.3|9=57|35=0|34=271|49=SERVER|52=20251129-13:21:37.000|56=CLIENT|10=205|
2025-11-29 05:22:07,639 : (Admin) S >> 8=FIX.4.3|9=57|35=0|34=272|49=CLIENT|52=20251129-13:22:07.000|56=SERVER|10=204|
2025-11-29 05:22:07,640 : (Admin) R << 8=FIX.4.3|9=57|35=0|34=272|49=SERVER|52=20251129-13:22:07.000|56=CLIENT|10=204|
2025-11-29 05:22:37,931 : (Admin) S >> 8=FIX.4.3|9=57|35=0|34=273|49=CLIENT|52=20251129-13:22:37.000|56=SERVER|10=208|
2025-11-29 05:22:37,932 : (Admin) R << 8=FIX.4.3|9=57|35=0|34=273|49=SERVER|52=20251129-13:22:37.000|56=CLIENT|10=208|
2025-11-29 05:23:07,212 : (Admin) S >> 8=FIX.4.3|9=57|35=0|34=274|49=CLIENT|52=20251129-13:23:07.000|56=SERVER|10=207|
2025-11-29 05:23:07,213 : (Admin) R << 8=FIX.4.3|9=57|35=0|34=274|49=SERVER|52=20251129-13:23:07.000|56=CLIENT|10=207|
2025-11-29 05:23:37,481 : (Admin) S >> 8=FIX.4.3|9=57|35=0|34=275|49=CLIENT|52=20251129-13:23:37.000|56=SERVER|10=211|
2025-11-29 05:23:37,482 : (Admin) R << 8=FIX.4.3|9=57|35=0|34=275|49=SERVER|52=20251129-13:23:37.000|56=CLIENT|10=211|
2025-11-29 05:24:07,809 : (Admin) S >> 8=FIX.4.3|9=57|35=0|34=276|49=CLIENT|52=20251129-13:24:07.000|56=SERVER|10=210|
2025-11-29 05:24:07,811 : (Admin) R << 8=FIX.4.3|9=57|35=0|34=276|49=SERVER|52=20251129-13:24:07.000|56=CLIENT|10=210|
2025-11-29 05:24:37,081 : (Admin) S >> 8=FIX.4.3|9=57|35=0|34=277|49=CLIENT|52=20251129-13:24:37.000|56=SERVER|10=214|
2025-11-29 05:24:37,084 : (Admin) R << 8=FIX.4.3|9=57|35=0|34=277|49=SERVER|52=20251129-13:24:37.000|56=CLIENT|10=214|
2025-11-29 05:25:07,380 : (Admin) S >> 8=FIX.4.3|9=57|35=0|34=278|49=CLIENT|52=20251129-13:25:07.000|56=SERVER|10=213|
2025-11-29 05:25:07,381 : (Admin) R << 8=FIX.4.3|9=57|35=0|34=278|49=SERVER|52=20251129-13:25:07.000|56=CLIENT|10=213|
2025-11-29 05:25:37,663 : (Admin) S >> 8=FIX.4.3|9=57|35=0|34=279|49=CLIENT|52=20251129-13:25:37.000|56=SERVER|10=217|
2025-11-29 05:25:37,663 : (Admin) R << 8=FIX.4.3|9=57|35=0|34=279|49=SERVER|52=20251129-13:25:37.000|56=CLIENT|10=217|
2025-11-29 05:26:07,963 : (Admin) S >> 8=FIX.4.3|9=57|35=0|34=280|49=CLIENT|52=20251129-13:26:07.000|56=SERVER|10=207|
2025-11-29 05:26:07,964 : (Admin) R << 8=FIX.4.3|9=57|35=0|34=280|49=SERVER|52=20251129-13:26:07.000|56=CLIENT|10=207|
2025-11-29 05:26:37,236 : (Admin) S >> 8=FIX.4.3|9=57|35=0|34=281|49=CLIENT|52=20251129-13:26:37.000|56=SERVER|10=211|
2025-11-29 05:26:37,238 : (Admin) R << 8=FIX.4.3|9=57|35=0|34=281|49=SERVER|52=20251129-13:26:37.000|56=CLIENT|10=211|
2025-11-29 05:27:07,528 : (Admin) S >> 8=FIX.4.3|9=57|35=0|34=282|49=CLIENT|52=20251129-13:27:07.000|56=SERVER|10=210|
2025-11-29 05:27:07,529 : (Admin) R << 8=FIX.4.3|9=57|35=0|34=282|49=SERVER|52=20251129-13:27:07.000|56=CLIENT|10=210|
2025-11-29 05:27:37,803 : (Admin) S >> 8=FIX.4.3|9=57|35=0|34=283|49=CLIENT|52=20251129-13:27:37.000|56=SERVER|10=214|
2025-11-29 05:27:37,804 : (Admin) R << 8=FIX.4.3|9=57|35=0|34=283|49=SERVER|52=20251129-13:27:37.000|56=CLIENT|10=214|
2025-11-29 05:28:07,089 : (Admin) S >> 8=FIX.4.3|9=57|35=0|34=284|49=CLIENT|52=20251129-13:28:07.000|56=SERVER|10=213|
2025-11-29 05:28:07,090 : (Admin) R << 8=FIX.4.3|9=57|35=0|34=284|49=SERVER|52=20251129-13:28:07.000|56=CLIENT|10=213|
2025-11-29 05:28:37,372 : (Admin) S >> 8=FIX.4.3|9=57|35=0|34=285|49=CLIENT|52=20251129-13:28:37.000|56=SERVER|10=217|
2025-11-29 05:28:37,373 : (Admin) R << 8=FIX.4.3|9=57|35=0|34=285|49=SERVER|52=20251129-13:28:37.000|56=CLIENT|10=217|
2025-11-29 05:29:07,677 : (Admin) S >> 8=FIX.4.3|9=57|35=0|34=286|49=CLIENT|52=20251129-13:29:07.000|56=SERVER|10=216|
2025-11-29 05:29:07,679 : (Admin) R << 8=FIX.4.3|9=57|35=0|34=286|49=SERVER|52=20251129-13:29:07.000|56=CLIENT|10=216|
2025-11-29 05:29:37,977 : (Admin) S >> 8=FIX.4.3|9=57|35=0|34=287|49=CLIENT|52=20251129-13:29:37.000|56=SERVER|10=220|
2025-11-29 05:29:37,979 : (Admin) R << 8=FIX.4.3|9=57|35=0|34=287|49=SERVER|52=20251129-13:29:37.000|56=CLIENT|10=220|
2025-11-29 05:30:07,266 : (Admin) S >> 8=FIX.4.3|9=57|35=0|34=288|49=CLIENT|52=20251129-13:30:07.000|56=SERVER|10=210|
2025-11-29 05:30:07,266 : (Admin) R << 8=FIX.4.3|9=57|35=0|34=288|49=SERVER|52=20251129-13:30:07.000|56=CLIENT|10=210|
2025-11-29 05:30:37,541 : (Admin) S >> 8=FIX.4.3|9=57|35=0|34=289|49=CLIENT|52=20251129-13:30:37.000|56=SERVER|10=214|
2025-11-29 05:30:37,543 : (Admin) R << 8=FIX.4.3|9=57|35=0|34=289|49=SERVER|52=20251129-13:30:37.000|56=CLIENT|10=214|
2025-11-29 05:31:07,811 : (Admin) S >> 8=FIX.4.3|9=57|35=0|34=290|49=CLIENT|52=20251129-13:31:07.000|56=SERVER|10=204|
2025-11-29 05:31:07,812 : (Admin) R << 8=FIX.4.3|9=57|35=0|34=290|49=SERVER|52=20251129-13:31:07.000|56=CLIENT|10=204|
2025-11-29 05:31:37,077 : (Admin) R << 8=FIX.4.3|9=57|35=0|34=291|49=SERVER|52=20251129-13:31:37.000|56=CLIENT|10=208|
2025-11-29 05:31:37,079 : (Admin) S >> 8=FIX.4.3|9=57|35=0|34=291|49=CLIENT|52=20251129-13:31:37.000|56=SERVER|10=208|
2025-11-29 05:32:07,354 : (Admin) R << 8=FIX.4.3|9=57|35=0|34=292|49=SERVER|52=20251129-13:32:07.000|56=CLIENT|10=207|
2025-11-29 05:32:07,355 : (Admin) S >> 8=FIX.4.3|9=57|35=0|34=292|49=CLIENT|52=20251129-13:32:07.000|56=SERVER|10=207|
2025-11-29 05:32:37,657 : (Admin) R << 8=FIX.4.3|9=57|35=0|34=293|49=SERVER|52=20251129-13:32:37.000|56=CLIENT|10=211|
2025-11-29 05:32:37,658 : (Admin) S >> 8=FIX.4.3|9=57|35=0|34=293|49=CLIENT|52=20251129-13:32:37.000|56=SERVER|10=211|
2025-11-29 05:33:07,955 : (Admin) S >> 8=FIX.4.3|9=57|35=0|34=294|49=CLIENT|52=20251129-13:33:07.000|56=SERVER|10=210|
2025-11-29 05:33:07,955 : (Admin) R << 8=FIX.4.3|9=57|35=0|34=294|49=SERVER|52=20251129-13:33:07.000|56=CLIENT|10=210|
2025-11-29 05:33:37,185 : (Admin) S >> 8=FIX.4.3|9=57|35=0|34=295|49=CLIENT|52=20251129-13:33:37.000|56=SERVER|10=214|
2025-11-29 05:33:37,186 : (Admin) R << 8=FIX.4.3|9=57|35=0|34=295|49=SERVER|52=20251129-13:33:37.000|56=CLIENT|10=214|
2025-11-29 05:34:07,444 : (Admin) S >> 8=FIX.4.3|9=57|35=0|34=296|49=CLIENT|52=20251129-13:34:07.000|56=SERVER|10=213|
2025-11-29 05:34:07,445 : (Admin) R << 8=FIX.4.3|9=57|35=0|34=296|49=SERVER|52=20251129-13:34:07.000|56=CLIENT|10=213|
2025-11-29 05:34:37,718 : (Admin) S >> 8=FIX.4.3|9=57|35=0|34=297|49=CLIENT|52=20251129-13:34:37.000|56=SERVER|10=217|
2025-11-29 05:34:37,719 : (Admin) R << 8=FIX.4.3|9=57|35=0|34=297|49=SERVER|52=20251129-13:34:37.000|56=CLIENT|10=217|
2025-11-29 05:35:07,983 : (Admin) S >> 8=FIX.4.3|9=57|35=0|34=298|49=CLIENT|52=20251129-13:35:07.000|56=SERVER|10=216|
2025-11-29 05:35:07,984 : (Admin) R << 8=FIX.4.3|9=57|35=0|34=298|49=SERVER|52=20251129-13:35:07.000|56=CLIENT|10=216|
2025-11-29 05:35:37,261 : (Admin) S >> 8=FIX.4.3|9=57|35=0|34=299|49=CLIENT|52=20251129-13:35:37.000|56=SERVER|10=220|
2025-11-29 05:35:37,262 : (Admin) R << 8=FIX.4.3|9=57|35=0|34=299|49=SERVER|52=20251129-13:35:37.000|56=CLIENT|10=220|
2025-11-29 05:36:07,576 : (Admin) S >> 8=FIX.4.3|9=57|35=0|34=300|49=CLIENT|52=20251129-13:36:07.000|56=SERVER|10=201|
2025-11-29 05:36:07,577 : (Admin) R << 8=FIX.4.3|9=57|35=0|34=300|49=SERVER|52=20251129-13:36:07.000|56=CLIENT|10=201|
2025-11-29 05:36:37,880 : (Admin) S >> 8=FIX.4.3|9=57|35=0|34=301|49=CLIENT|52=20251129-13:36:37.000|56=SERVER|10=205|
2025-11-29 05:36:37,880 : (Admin) R << 8=FIX.4.3|9=57|35=0|34=301|49=SERVER|52=20251129-13:36:37.000|56=CLIENT|10=205|
2025-11-29 05:37:07,201 : (Admin) S >> 8=FIX.4.3|9=57|35=0|34=302|49=CLIENT|52=20251129-13:37:07.000|56=SERVER|10=204|
2025-11-29 05:37:07,202 : (Admin) R << 8=FIX.4.3|9=57|35=0|34=302|49=SERVER|52=20251129-13:37:07.000|56=CLIENT|10=204|
2025-11-29 05:37:37,492 : (Admin) S >> 8=FIX.4.3|9=57|35=0|34=303|49=CLIENT|52=20251129-13:37:37.000|56=SERVER|10=208|
2025-11-29 05:37:37,493 : (Admin) R << 8=FIX.4.3|9=57|35=0|34=303|49=SERVER|52=20251129-13:37:37.000|56=CLIENT|10=208|
2025-11-29 05:38:07,816 : (Admin) S >> 8=FIX.4.3|9=57|35=0|34=304|49=CLIENT|52=20251129-13:38:07.000|56=SERVER|10=207|
2025-11-29 05:38:07,817 : (Admin) R << 8=FIX.4.3|9=57|35=0|34=304|49=SERVER|52=20251129-13:38:07.000|56=CLIENT|10=207|
2025-11-29 05:38:37,127 : (Admin) S >> 8=FIX.4.3|9=57|35=0|34=305|49=CLIENT|52=20251129-13:38:37.000|56=SERVER|10=211|
2025-11-29 05:38:37,128 : (Admin) R << 8=FIX.4.3|9=57|35=0|34=305|49=SERVER|52=20251129-13:38:37.000|56=CLIENT|10=211|
2025-11-29 05:39:07,418 : (Admin) S >> 8=FIX.4.3|9=57|35=0|34=306|49=CLIENT|52=20251129-13:39:07.000|56=SERVER|10=210|
2025-11-29 05:39:07,419 : (Admin) R << 8=FIX.4.3|9=57|35=0|34=306|49=SERVER|52=20251129-13:39:07.000|56=CLIENT|10=210|
2025-11-29 05:39:37,714 : (Admin) S >> 8=FIX.4.3|9=57|35=0|34=307|49=CLIENT|52=20251129-13:39:37.000|56=SERVER|10=214|
2025-11-29 05:39:37,715 : (Admin) R << 8=FIX.4.3|9=57|35=0|34=307|49=SERVER|52=20251129-13:39:37.000|56=CLIENT|10=214|
2025-11-29 05:40:07,011 : (Admin) S >> 8=FIX.4.3|9=57|35=0|34=308|49=CLIENT|52=20251129-13:40:07.000|56=SERVER|10=204|
2025-11-29 05:40:07,013 : (Admin) R << 8=FIX.4.3|9=57|35=0|34=308|49=SERVER|52=20251129-13:40:07.000|56=CLIENT|10=204|
2025-11-29 05:40:37,311 : (Admin) S >> 8=FIX.4.3|9=57|35=0|34=309|49=CLIENT|52=20251129-13:40:37.000|56=SERVER|10=208|
2025-11-29 05:40:37,312 : (Admin) R << 8=FIX.4.3|9=57|35=0|34=309|49=SERVER|52=20251129-13:40:37.000|56=CLIENT|10=208|
2025-11-29 05:41:07,608 : (Admin) S >> 8=FIX.4.3|9=57|35=0|34=310|49=CLIENT|52=20251129-13:41:07.000|56=SERVER|10=198|
2025-11-29 05:41:07,610 : (Admin) R << 8=FIX.4.3|9=57|35=0|34=310|49=SERVER|52=20251129-13:41:07.000|56=CLIENT|10=198|
2025-11-29 05:41:37,868 : (Admin) S >> 8=FIX.4.3|9=57|35=0|34=311|49=CLIENT|52=20251129-13:41:37.000|56=SERVER|10=202|
2025-11-29 05:41:37,872 : (Admin) R << 8=FIX.4.3|9=57|35=0|34=311|49=SERVER|52=20251129-13:41:37.000|56=CLIENT|10=202|
2025-11-29 05:42:07,125 : (Admin) S >> 8=FIX.4.3|9=57|35=0|34=312|49=CLIENT|52=20251129-13:42:07.000|56=SERVER|10=201|
2025-11-29 05:42:07,125 : (Admin) R << 8=FIX.4.3|9=57|35=0|34=312|49=SERVER|52=20251129-13:42:07.000|56=CLIENT|10=201|
2025-11-29 05:42:37,444 : (Admin) S >> 8=FIX.4.3|9=57|35=0|34=313|49=CLIENT|52=20251129-13:42:37.000|56=SERVER|10=205|
2025-11-29 05:42:37,444 : (Admin) R << 8=FIX.4.3|9=57|35=0|34=313|49=SERVER|52=20251129-13:42:37.000|56=CLIENT|10=205|
2025-11-29 05:43:07,684 : (Admin) S >> 8=FIX.4.3|9=57|35=0|34=314|49=CLIENT|52=20251129-13:43:07.000|56=SERVER|10=204|
2025-11-29 05:43:07,684 : (Admin) R << 8=FIX.4.3|9=57|35=0|34=314|49=SERVER|52=20251129-13:43:07.000|56=CLIENT|10=204|
2025-11-29 05:43:37,923 : (Admin) S >> 8=FIX.4.3|9=57|35=0|34=315|49=CLIENT|52=20251129-13:43:37.000|56=SERVER|10=208|
2025-11-29 05:43:37,924 : (Admin) R << 8=FIX.4.3|9=57|35=0|34=315|49=SERVER|52=20251129-13:43:37.000|56=CLIENT|10=208|
2025-11-29 05:44:07,155 : (Admin) S >> 8=FIX.4.3|9=57|35=0|34=316|49=CLIENT|52=20251129-13:44:07.000|56=SERVER|10=207|
2025-11-29 05:44:07,156 : (Admin) R << 8=FIX.4.3|9=57|35=0|34=316|49=SERVER|52=20251129-13:44:07.000|56=CLIENT|10=207|
2025-11-29 05:44:37,349 : (Admin) S >> 8=FIX.4.3|9=57|35=0|34=317|49=CLIENT|52=20251129-13:44:37.000|56=SERVER|10=211|
2025-11-29 05:44:37,350 : (Admin) R << 8=FIX.4.3|9=57|35=0|34=317|49=SERVER|52=20251129-13:44:37.000|56=CLIENT|10=211|
2025-11-29 05:45:07,643 : (Admin) S >> 8=FIX.4.3|9=57|35=0|34=318|49=CLIENT|52=20251129-13:45:07.000|56=SERVER|10=210|
2025-11-29 05:45:07,644 : (Admin) R << 8=FIX.4.3|9=57|35=0|34=318|49=SERVER|52=20251129-13:45:07.000|56=CLIENT|10=210|
2025-11-29 05:45:37,974 : (Admin) S >> 8=FIX.4.3|9=57|35=0|34=319|49=CLIENT|52=20251129-13:45:37.000|56=SERVER|10=214|
2025-11-29 05:45:37,976 : (Admin) R << 8=FIX.4.3|9=57|35=0|34=319|49=SERVER|52=20251129-13:45:37.000|56=CLIENT|10=214|
2025-11-29 05:46:07,241 : (Admin) S >> 8=FIX.4.3|9=57|35=0|34=320|49=CLIENT|52=20251129-13:46:07.000|56=SERVER|10=204|
2025-11-29 05:46:07,242 : (Admin) R << 8=FIX.4.3|9=57|35=0|34=320|49=SERVER|52=20251129-13:46:07.000|56=CLIENT|10=204|
2025-11-29 05:46:37,506 : (Admin) S >> 8=FIX.4.3|9=57|35=0|34=321|49=CLIENT|52=20251129-13:46:37.000|56=SERVER|10=208|
2025-11-29 05:46:37,506 : (Admin) R << 8=FIX.4.3|9=57|35=0|34=321|49=SERVER|52=20251129-13:46:37.000|56=CLIENT|10=208|
2025-11-29 05:47:07,821 : (Admin) R << 8=FIX.4.3|9=57|35=0|34=322|49=SERVER|52=20251129-13:47:07.000|56=CLIENT|10=207|
2025-11-29 05:47:07,821 : (Admin) S >> 8=FIX.4.3|9=57|35=0|34=322|49=CLIENT|52=20251129-13:47:07.000|56=SERVER|10=207|
2025-11-29 05:47:37,110 : (Admin) R << 8=FIX.4.3|9=57|35=0|34=323|49=SERVER|52=20251129-13:47:37.000|56=CLIENT|10=211|
2025-11-29 05:47:37,110 : (Admin) S >> 8=FIX.4.3|9=57|35=0|34=323|49=CLIENT|52=20251129-13:47:37.000|56=SERVER|10=211|
2025-11-29 05:48:07,391 : (Admin) R << 8=FIX.4.3|9=57|35=0|34=324|49=SERVER|52=20251129-13:48:07.000|56=CLIENT|10=210|
2025-11-29 05:48:07,391 : (Admin) S >> 8=FIX.4.3|9=57|35=0|34=324|49=CLIENT|52=20251129-13:48:07.000|56=SERVER|10=210|
2025-11-29 05:48:37,672 : (Admin) R << 8=FIX.4.3|9=57|35=0|34=325|49=SERVER|52=20251129-13:48:37.000|56=CLIENT|10=214|
2025-11-29 05:48:37,672 : (Admin) S >> 8=FIX.4.3|9=57|35=0|34=325|49=CLIENT|52=20251129-13:48:37.000|56=SERVER|10=214|
2025-11-29 05:49:07,912 : (Admin) R << 8=FIX.4.3|9=57|35=0|34=326|49=SERVER|52=20251129-13:49:07.000|56=CLIENT|10=213|
2025-11-29 05:49:07,913 : (Admin) S >> 8=FIX.4.3|9=57|35=0|34=326|49=CLIENT|52=20251129-13:49:07.000|56=SERVER|10=213|
2025-11-29 05:49:37,140 : (Admin) R << 8=FIX.4.3|9=57|35=0|34=327|49=SERVER|52=20251129-13:49:37.000|56=CLIENT|10=217|
2025-11-29 05:49:37,140 : (Admin) S >> 8=FIX.4.3|9=57|35=0|34=327|49=CLIENT|52=20251129-13:49:37.000|56=SERVER|10=217|
2025-11-29 05:50:07,429 : (Admin) R << 8=FIX.4.3|9=57|35=0|34=328|49=SERVER|52=20251129-13:50:07.000|56=CLIENT|10=207|
2025-11-29 05:50:07,429 : (Admin) S >> 8=FIX.4.3|9=57|35=0|34=328|49=CLIENT|52=20251129-13:50:07.000|56=SERVER|10=207|
2025-11-29 05:50:37,675 : (Admin) S >> 8=FIX.4.3|9=57|35=0|34=329|49=CLIENT|52=20251129-13:50:37.000|56=SERVER|10=211|
2025-11-29 05:50:37,676 : (Admin) R << 8=FIX.4.3|9=57|35=0|34=329|49=SERVER|52=20251129-13:50:37.000|56=CLIENT|10=211|
2025-11-29 05:51:07,996 : (Admin) S >> 8=FIX.4.3|9=57|35=0|34=330|49=CLIENT|52=20251129-13:51:07.000|56=SERVER|10=201|
2025-11-29 05:51:07,996 : (Admin) R << 8=FIX.4.3|9=57|35=0|34=330|49=SERVER|52=20251129-13:51:07.000|56=CLIENT|10=201|
2025-11-29 05:51:37,274 : (Admin) S >> 8=FIX.4.3|9=57|35=0|34=331|49=CLIENT|52=20251129-13:51:37.000|56=SERVER|10=205|
2025-11-29 05:51:37,275 : (Admin) R << 8=FIX.4.3|9=57|35=0|34=331|49=SERVER|52=20251129-13:51:37.000|56=CLIENT|10=205|
2025-11-29 05:52:07,529 : (Admin) S >> 8=FIX.4.3|9=57|35=0|34=332|49=CLIENT|52=20251129-13:52:07.000|56=SERVER|10=204|
2025-11-29 05:52:07,529 : (Admin) R << 8=FIX.4.3|9=57|35=0|34=332|49=SERVER|52=20251129-13:52:07.000|56=CLIENT|10=204|
2025-11-29 05:52:37,829 : (Admin) S >> 8=FIX.4.3|9=57|35=0|34=333|49=CLIENT|52=20251129-13:52:37.000|56=SERVER|10=208|
2025-11-29 05:52:37,829 : (Admin) R << 8=FIX.4.3|9=57|35=0|34=333|49=SERVER|52=20251129-13:52:37.000|56=CLIENT|10=208|
2025-11-29 05:53:07,116 : (Admin) S >> 8=FIX.4.3|9=57|35=0|34=334|49=CLIENT|52=20251129-13:53:07.000|56=SERVER|10=207|
2025-11-29 05:53:07,117 : (Admin) R << 8=FIX.4.3|9=57|35=0|34=334|49=SERVER|52=20251129-13:53:07.000|56=CLIENT|10=207|
2025-11-29 05:53:37,382 : (Admin) S >> 8=FIX.4.3|9=57|35=0|34=335|49=CLIENT|52=20251129-13:53:37.000|56=SERVER|10=211|
2025-11-29 05:53:37,383 : (Admin) R << 8=FIX.4.3|9=57|35=0|34=335|49=SERVER|52=20251129-13:53:37.000|56=CLIENT|10=211|
2025-11-29 05:54:07,648 : (Admin) S >> 8=FIX.4.3|9=57|35=0|34=336|49=CLIENT|52=20251129-13:54:07.000|56=SERVER|10=210|
2025-11-29 05:54:07,650 : (Admin) R << 8=FIX.4.3|9=57|35=0|34=336|49=SERVER|52=20251129-13:54:07.000|56=CLIENT|10=210|
2025-11-29 05:54:37,928 : (Admin) R << 8=FIX.4.3|9=57|35=0|34=337|49=SERVER|52=20251129-13:54:37.000|56=CLIENT|10=214|
2025-11-29 05:54:37,929 : (Admin) S >> 8=FIX.4.3|9=57|35=0|34=337|49=CLIENT|52=20251129-13:54:37.000|56=SERVER|10=214|
2025-11-29 05:55:07,198 : (Admin) R << 8=FIX.4.3|9=57|35=0|34=338|49=SERVER|52=20251129-13:55:07.000|56=CLIENT|10=213|
2025-11-29 05:55:07,199 : (Admin) S >> 8=FIX.4.3|9=57|35=0|34=338|49=CLIENT|52=20251129-13:55:07.000|56=SERVER|10=213|
2025-11-29 05:55:37,494 : (Admin) R << 8=FIX.4.3|9=57|35=0|34=339|49=SERVER|52=20251129-13:55:37.000|56=CLIENT|10=217|
2025-11-29 05:55:37,495 : (Admin) S >> 8=FIX.4.3|9=57|35=0|34=339|49=CLIENT|52=20251129-13:55:37.000|56=SERVER|10=217|
2025-11-29 05:56:07,780 : (Admin) S >> 8=FIX.4.3|9=57|35=0|34=340|49=CLIENT|52=20251129-13:56:07.000|56=SERVER|10=207|
2025-11-29 05:56:07,782 : (Admin) R << 8=FIX.4.3|9=57|35=0|34=340|49=SERVER|52=20251129-13:56:07.000|56=CLIENT|10=207|
2025-11-29 05:56:37,065 : (Admin) S >> 8=FIX.4.3|9=57|35=0|34=341|49=CLIENT|52=20251129-13:56:37.000|56=SERVER|10=211|
2025-11-29 05:56:37,066 : (Admin) R << 8=FIX.4.3|9=57|35=0|34=341|49=SERVER|52=20251129-13:56:37.000|56=CLIENT|10=211|
2025-11-29 05:57:07,370 : (Admin) S >> 8=FIX.4.3|9=57|35=0|34=342|49=CLIENT|52=20251129-13:57:07.000|56=SERVER|10=210|
2025-11-29 05:57:07,370 : (Admin) R << 8=FIX.4.3|9=57|35=0|34=342|49=SERVER|52=20251129-13:57:07.000|56=CLIENT|10=210|
2025-11-29 05:57:37,678 : (Admin) S >> 8=FIX.4.3|9=57|35=0|34=343|49=CLIENT|52=20251129-13:57:37.000|56=SERVER|10=214|
2025-11-29 05:57:37,678 : (Admin) R << 8=FIX.4.3|9=57|35=0|34=343|49=SERVER|52=20251129-13:57:37.000|56=CLIENT|10=214|
2025-11-29 05:58:07,884 : (Admin) S >> 8=FIX.4.3|9=57|35=0|34=344|49=CLIENT|52=20251129-13:58:07.000|56=SERVER|10=213|
2025-11-29 05:58:07,885 : (Admin) R << 8=FIX.4.3|9=57|35=0|34=344|49=SERVER|52=20251129-13:58:07.000|56=CLIENT|10=213|
2025-11-29 05:58:37,137 : (Admin) S >> 8=FIX.4.3|9=57|35=0|34=345|49=CLIENT|52=20251129-13:58:37.000|56=SERVER|10=217|
2025-11-29 05:58:37,138 : (Admin) R << 8=FIX.4.3|9=57|35=0|34=345|49=SERVER|52=20251129-13:58:37.000|56=CLIENT|10=217|
2025-11-29 05:59:07,375 : (Admin) S >> 8=FIX.4.3|9=57|35=0|34=346|49=CLIENT|52=20251129-13:59:07.000|56=SERVER|10=216|
2025-11-29 05:59:07,376 : (Admin) R << 8=FIX.4.3|9=57|35=0|34=346|49=SERVER|52=20251129-13:59:07.000|56=CLIENT|10=216|
2025-11-29 05:59:37,618 : (Admin) S >> 8=FIX.4.3|9=57|35=0|34=347|49=CLIENT|52=20251129-13:59:37.000|56=SERVER|10=220|
2025-11-29 05:59:37,619 : (Admin) R << 8=FIX.4.3|9=57|35=0|34=347|49=SERVER|52=20251129-13:59:37.000|56=CLIENT|10=220|
2025-11-29 06:00:07,817 : (Admin) S >> 8=FIX.4.3|9=57|35=0|34=348|49=CLIENT|52=20251129-14:00:07.000|56=SERVER|10=205|
2025-11-29 06:00:07,818 : (Admin) R << 8=FIX.4.3|9=57|35=0|34=348|49=SERVER|52=20251129-14:00:07.000|56=CLIENT|10=205|
2025-11-29 06:00:37,012 : (Admin) S >> 8=FIX.4.3|9=57|35=0|34=349|49=CLIENT|52=20251129-14:00:37.000|56=SERVER|10=209|
2025-11-29 06:00:37,012 : (Admin) R << 8=FIX.4.3|9=57|35=0|34=349|49=SERVER|52=20251129-14:00:37.000|56=CLIENT|10=209|
2025-11-29 06:01:07,292 : (Admin) S >> 8=FIX.4.3|9=57|35=0|34=350|49=CLIENT|52=20251129-14:01:07.000|56=SERVER|10=199|
2025-11-29 06:01:07,294 : (Admin) R << 8=FIX.4.3|9=57|35=0|34=350|49=SERVER|52=20251129-14:01:07.000|56=CLIENT|10=199|
2025-11-29 06:01:37,540 : (Admin) S >> 8=FIX.4.3|9=57|35=0|34=351|49=CLIENT|52=20251129-14:01:37.000|56=SERVER|10=203|
2025-11-29 06:01:37,541 : (Admin) R << 8=FIX.4.3|9=57|35=0|34=351|49=SERVER|52=20251129-14:01:37.000|56=CLIENT|10=203|
2025-11-29 06:02:07,805 : (Admin) S >> 8=FIX.4.3|9=57|35=0|34=352|49=CLIENT|52=20251129-14:02:07.000|56=SERVER|10=202|
2025-11-29 06:02:07,806 : (Admin) R << 8=FIX.4.3|9=57|35=0|34=352|49=SERVER|52=20251129-14:02:07.000|56=CLIENT|10=202|
2025-11-29 06:02:37,016 : (Admin) S >> 8=FIX.4.3|9=57|35=0|34=353|49=CLIENT|52=20251129-14:02:37.000|56=SERVER|10=206|
2025-11-29 06:02:37,016 : (Admin) R << 8=FIX.4.3|9=57|35=0|34=353|49=SERVER|52=20251129-14:02:37.000|56=CLIENT|10=206|
2025-11-29 06:03:07,270 : (Admin) S >> 8=FIX.4.3|9=57|35=0|34=354|49=CLIENT|52=20251129-14:03:07.000|56=SERVER|10=205|
2025-11-29 06:03:07,275 : (Admin) R << 8=FIX.4.3|9=57|35=0|34=354|49=SERVER|52=20251129-14:03:07.000|56=CLIENT|10=205|
2025-11-29 06:03:37,516 : (Admin) S >> 8=FIX.4.3|9=57|35=0|34=355|49=CLIENT|52=20251129-14:03:37.000|56=SERVER|10=209|
2025-11-29 06:03:37,517 : (Admin) R << 8=FIX.4.3|9=57|35=0|34=355|49=SERVER|52=20251129-14:03:37.000|56=CLIENT|10=209|
2025-11-29 06:04:07,778 : (Admin) S >> 8=FIX.4.3|9=57|35=0|34=356|49=CLIENT|52=20251129-14:04:07.000|56=SERVER|10=208|
2025-11-29 06:04:07,779 : (Admin) R << 8=FIX.4.3|9=57|35=0|34=356|49=SERVER|52=20251129-14:04:07.000|56=CLIENT|10=208|
2025-11-29 06:04:37,037 : (Admin) S >> 8=FIX.4.3|9=57|35=0|34=357|49=CLIENT|52=20251129-14:04:37.000|56=SERVER|10=212|
2025-11-29 06:04:37,038 : (Admin) R << 8=FIX.4.3|9=57|35=0|34=357|49=SERVER|52=20251129-14:04:37.000|56=CLIENT|10=212|
2025-11-29 06:05:07,277 : (Admin) S >> 8=FIX.4.3|9=57|35=0|34=358|49=CLIENT|52=20251129-14:05:07.000|56=SERVER|10=211|
2025-11-29 06:05:07,278 : (Admin) R << 8=FIX.4.3|9=57|35=0|34=358|49=SERVER|52=20251129-14:05:07.000|56=CLIENT|10=211|
2025-11-29 06:05:37,547 : (Admin) S >> 8=FIX.4.3|9=57|35=0|34=359|49=CLIENT|52=20251129-14:05:37.000|56=SERVER|10=215|
2025-11-29 06:05:37,547 : (Admin) R << 8=FIX.4.3|9=57|35=0|34=359|49=SERVER|52=20251129-14:05:37.000|56=CLIENT|10=215|
2025-11-29 06:06:07,791 : (Admin) S >> 8=FIX.4.3|9=57|35=0|34=360|49=CLIENT|52=20251129-14:06:07.000|56=SERVER|10=205|
2025-11-29 06:06:07,792 : (Admin) R << 8=FIX.4.3|9=57|35=0|34=360|49=SERVER|52=20251129-14:06:07.000|56=CLIENT|10=205|
2025-11-29 06:06:37,032 : (Admin) S >> 8=FIX.4.3|9=57|35=0|34=361|49=CLIENT|52=20251129-14:06:37.000|56=SERVER|10=209|
2025-11-29 06:06:37,032 : (Admin) R << 8=FIX.4.3|9=57|35=0|34=361|49=SERVER|52=20251129-14:06:37.000|56=CLIENT|10=209|
2025-11-29 06:07:07,197 : (Admin) S >> 8=FIX.4.3|9=57|35=0|34=362|49=CLIENT|52=20251129-14:07:07.000|56=SERVER|10=208|
2025-11-29 06:07:07,197 : (Admin) R << 8=FIX.4.3|9=57|35=0|34=362|49=SERVER|52=20251129-14:07:07.000|56=CLIENT|10=208|
2025-11-29 06:07:37,390 : (Admin) S >> 8=FIX.4.3|9=57|35=0|34=363|49=CLIENT|52=20251129-14:07:37.000|56=SERVER|10=212|
2025-11-29 06:07:37,391 : (Admin) R << 8=FIX.4.3|9=57|35=0|34=363|49=SERVER|52=20251129-14:07:37.000|56=CLIENT|10=212|
2025-11-29 06:08:07,636 : (Admin) S >> 8=FIX.4.3|9=57|35=0|34=364|49=CLIENT|52=20251129-14:08:07.000|56=SERVER|10=211|
2025-11-29 06:08:07,638 : (Admin) R << 8=FIX.4.3|9=57|35=0|34=364|49=SERVER|52=20251129-14:08:07.000|56=CLIENT|10=211|
2025-11-29 06:08:37,854 : (Admin) S >> 8=FIX.4.3|9=57|35=0|34=365|49=CLIENT|52=20251129-14:08:37.000|56=SERVER|10=215|
2025-11-29 06:08:37,855 : (Admin) R << 8=FIX.4.3|9=57|35=0|34=365|49=SERVER|52=20251129-14:08:37.000|56=CLIENT|10=215|
2025-11-29 06:09:07,068 : (Admin) S >> 8=FIX.4.3|9=57|35=0|34=366|49=CLIENT|52=20251129-14:09:07.000|56=SERVER|10=214|
2025-11-29 06:09:07,070 : (Admin) R << 8=FIX.4.3|9=57|35=0|34=366|49=SERVER|52=20251129-14:09:07.000|56=CLIENT|10=214|
2025-11-29 06:09:37,262 : (Admin) S >> 8=FIX.4.3|9=57|35=0|34=367|49=CLIENT|52=20251129-14:09:37.000|56=SERVER|10=218|
2025-11-29 06:09:37,262 : (Admin) R << 8=FIX.4.3|9=57|35=0|34=367|49=SERVER|52=20251129-14:09:37.000|56=CLIENT|10=218|
2025-11-29 06:10:07,503 : (Admin) S >> 8=FIX.4.3|9=57|35=0|34=368|49=CLIENT|52=20251129-14:10:07.000|56=SERVER|10=208|
2025-11-29 06:10:07,504 : (Admin) R << 8=FIX.4.3|9=57|35=0|34=368|49=SERVER|52=20251129-14:10:07.000|56=CLIENT|10=208|
2025-11-29 06:10:37,752 : (Admin) S >> 8=FIX.4.3|9=57|35=0|34=369|49=CLIENT|52=20251129-14:10:37.000|56=SERVER|10=212|
2025-11-29 06:10:37,752 : (Admin) R << 8=FIX.4.3|9=57|35=0|34=369|49=SERVER|52=20251129-14:10:37.000|56=CLIENT|10=212|
2025-11-29 06:11:07,004 : (Admin) S >> 8=FIX.4.3|9=57|35=0|34=370|49=CLIENT|52=20251129-14:11:07.000|56=SERVER|10=202|
2025-11-29 06:11:07,006 : (Admin) R << 8=FIX.4.3|9=57|35=0|34=370|49=SERVER|52=20251129-14:11:07.000|56=CLIENT|10=202|
2025-11-29 06:11:37,237 : (Admin) R << 8=FIX.4.3|9=57|35=0|34=371|49=SERVER|52=20251129-14:11:37.000|56=CLIENT|10=206|
2025-11-29 06:11:37,238 : (Admin) S >> 8=FIX.4.3|9=57|35=0|34=371|49=CLIENT|52=20251129-14:11:37.000|56=SERVER|10=206|
2025-11-29 06:12:07,544 : (Admin) S >> 8=FIX.4.3|9=57|35=0|34=372|49=CLIENT|52=20251129-14:12:07.000|56=SERVER|10=205|
2025-11-29 06:12:07,545 : (Admin) R << 8=FIX.4.3|9=57|35=0|34=372|49=SERVER|52=20251129-14:12:07.000|56=CLIENT|10=205|
2025-11-29 06:12:37,797 : (Admin) S >> 8=FIX.4.3|9=57|35=0|34=373|49=CLIENT|52=20251129-14:12:37.000|56=SERVER|10=209|
2025-11-29 06:12:37,797 : (Admin) R << 8=FIX.4.3|9=57|35=0|34=373|49=SERVER|52=20251129-14:12:37.000|56=CLIENT|10=209|
2025-11-29 06:13:07,014 : (Admin) S >> 8=FIX.4.3|9=57|35=0|34=374|49=CLIENT|52=20251129-14:13:07.000|56=SERVER|10=208|
2025-11-29 06:13:07,016 : (Admin) R << 8=FIX.4.3|9=57|35=0|34=374|49=SERVER|52=20251129-14:13:07.000|56=CLIENT|10=208|
2025-11-29 06:13:37,232 : (Admin) R << 8=FIX.4.3|9=57|35=0|34=375|49=SERVER|52=20251129-14:13:37.000|56=CLIENT|10=212|
2025-11-29 06:13:37,232 : (Admin) S >> 8=FIX.4.3|9=57|35=0|34=375|49=CLIENT|52=20251129-14:13:37.000|56=SERVER|10=212|
2025-11-29 06:14:07,466 : (Admin) R << 8=FIX.4.3|9=57|35=0|34=376|49=SERVER|52=20251129-14:14:07.000|56=CLIENT|10=211|
2025-11-29 06:14:07,467 : (Admin) S >> 8=FIX.4.3|9=57|35=0|34=376|49=CLIENT|52=20251129-14:14:07.000|56=SERVER|10=211|
2025-11-29 06:14:37,740 : (Admin) R << 8=FIX.4.3|9=57|35=0|34=377|49=SERVER|52=20251129-14:14:37.000|56=CLIENT|10=215|
2025-11-29 06:14:37,741 : (Admin) S >> 8=FIX.4.3|9=57|35=0|34=377|49=CLIENT|52=20251129-14:14:37.000|56=SERVER|10=215|
2025-11-29 06:15:07,951 : (Admin) R << 8=FIX.4.3|9=57|35=0|34=378|49=SERVER|52=20251129-14:15:07.000|56=CLIENT|10=214|
2025-11-29 06:15:07,951 : (Admin) S >> 8=FIX.4.3|9=57|35=0|34=378|49=CLIENT|52=20251129-14:15:07.000|56=SERVER|10=214|
2025-11-29 06:15:37,217 : (Admin) R << 8=FIX.4.3|9=57|35=0|34=379|49=SERVER|52=20251129-14:15:37.000|56=CLIENT|10=218|
2025-11-29 06:15:37,218 : (Admin) S >> 8=FIX.4.3|9=57|35=0|34=379|49=CLIENT|52=20251129-14:15:37.000|56=SERVER|10=218|
2025-11-29 06:16:07,482 : (Admin) R << 8=FIX.4.3|9=57|35=0|34=380|49=SERVER|52=20251129-14:16:07.000|56=CLIENT|10=208|
2025-11-29 06:16:07,482 : (Admin) S >> 8=FIX.4.3|9=57|35=0|34=380|49=CLIENT|52=20251129-14:16:07.000|56=SERVER|10=208|
2025-11-29 06:16:37,713 : (Admin) R << 8=FIX.4.3|9=57|35=0|34=381|49=SERVER|52=20251129-14:16:37.000|56=CLIENT|10=212|
2025-11-29 06:16:37,713 : (Admin) S >> 8=FIX.4.3|9=57|35=0|34=381|49=CLIENT|52=20251129-14:16:37.000|56=SERVER|10=212|
2025-11-29 06:17:07,952 : (Admin) R << 8=FIX.4.3|9=57|35=0|34=382|49=SERVER|52=20251129-14:17:07.000|56=CLIENT|10=211|
2025-11-29 06:17:07,954 : (Admin) S >> 8=FIX.4.3|9=57|35=0|34=382|49=CLIENT|52=20251129-14:17:07.000|56=SERVER|10=211|
2025-11-29 06:17:37,265 : (Admin) R << 8=FIX.4.3|9=57|35=0|34=383|49=SERVER|52=20251129-14:17:37.000|56=CLIENT|10=215|
2025-11-29 06:17:37,266 : (Admin) S >> 8=FIX.4.3|9=57|35=0|34=383|49=CLIENT|52=20251129-14:17:37.000|56=SERVER|10=215|
2025-11-29 06:18:07,545 : (Admin) R << 8=FIX.4.3|9=57|35=0|34=384|49=SERVER|52=20251129-14:18:07.000|56=CLIENT|10=214|
2025-11-29 06:18:07,546 : (Admin) S >> 8=FIX.4.3|9=57|35=0|34=384|49=CLIENT|52=20251129-14:18:07.000|56=SERVER|10=214|
2025-11-29 06:18:37,866 : (Admin) R << 8=FIX.4.3|9=57|35=0|34=385|49=SERVER|52=20251129-14:18:37.000|56=CLIENT|10=218|
2025-11-29 06:18:37,867 : (Admin) S >> 8=FIX.4.3|9=57|35=0|34=385|49=CLIENT|52=20251129-14:18:37.000|56=SERVER|10=218|
2025-11-29 06:19:07,160 : (Admin) R << 8=FIX.4.3|9=57|35=0|34=386|49=SERVER|52=20251129-14:19:07.000|56=CLIENT|10=217|
2025-11-29 06:19:07,161 : (Admin) S >> 8=FIX.4.3|9=57|35=0|34=386|49=CLIENT|52=20251129-14:19:07.000|56=SERVER|10=217|
2025-11-29 06:19:37,474 : (Admin) R << 8=FIX.4.3|9=57|35=0|34=387|49=SERVER|52=20251129-14:19:37.000|56=CLIENT|10=221|
2025-11-29 06:19:37,475 : (Admin) S >> 8=FIX.4.3|9=57|35=0|34=387|49=CLIENT|52=20251129-14:19:37.000|56=SERVER|10=221|
2025-11-29 06:20:07,787 : (Admin) R << 8=FIX.4.3|9=57|35=0|34=388|49=SERVER|52=20251129-14:20:07.000|56=CLIENT|10=211|
2025-11-29 06:20:07,788 : (Admin) S >> 8=FIX.4.3|9=57|35=0|34=388|49=CLIENT|52=20251129-14:20:07.000|56=SERVER|10=211|
2025-11-29 06:20:37,114 : (Admin) R << 8=FIX.4.3|9=57|35=0|34=389|49=SERVER|52=20251129-14:20:37.000|56=CLIENT|10=215|
2025-11-29 06:20:37,115 : (Admin) S >> 8=FIX.4.3|9=57|35=0|34=389|49=CLIENT|52=20251129-14:20:37.000|56=SERVER|10=215|
2025-11-29 06:21:07,427 : (Admin) R << 8=FIX.4.3|9=57|35=0|34=390|49=SERVER|52=20251129-14:21:07.000|56=CLIENT|10=205|
2025-11-29 06:21:07,427 : (Admin) S >> 8=FIX.4.3|9=57|35=0|34=390|49=CLIENT|52=20251129-14:21:07.000|56=SERVER|10=205|
2025-11-29 06:21:37,739 : (Admin) R << 8=FIX.4.3|9=57|35=0|34=391|49=SERVER|52=20251129-14:21:37.000|56=CLIENT|10=209|
2025-11-29 06:21:37,741 : (Admin) S >> 8=FIX.4.3|9=57|35=0|34=391|49=CLIENT|52=20251129-14:21:37.000|56=SERVER|10=209|
2025-11-29 06:22:07,008 : (Admin) R << 8=FIX.4.3|9=57|35=0|34=392|49=SERVER|52=20251129-14:22:07.000|56=CLIENT|10=208|
2025-11-29 06:22:07,009 : (Admin) S >> 8=FIX.4.3|9=57|35=0|34=392|49=CLIENT|52=20251129-14:22:07.000|56=SERVER|10=208|
2025-11-29 06:22:37,259 : (Admin) R << 8=FIX.4.3|9=57|35=0|34=393|49=SERVER|52=20251129-14:22:37.000|56=CLIENT|10=212|
2025-11-29 06:22:37,260 : (Admin) S >> 8=FIX.4.3|9=57|35=0|34=393|49=CLIENT|52=20251129-14:22:37.000|56=SERVER|10=212|
2025-11-29 06:23:07,447 : (Admin) R << 8=FIX.4.3|9=57|35=0|34=394|49=SERVER|52=20251129-14:23:07.000|56=CLIENT|10=211|
2025-11-29 06:23:07,448 : (Admin) S >> 8=FIX.4.3|9=57|35=0|34=394|49=CLIENT|52=20251129-14:23:07.000|56=SERVER|10=211|
2025-11-29 06:23:37,672 : (Admin) R << 8=FIX.4.3|9=57|35=0|34=395|49=SERVER|52=20251129-14:23:37.000|56=CLIENT|10=215|
2025-11-29 06:23:37,673 : (Admin) S >> 8=FIX.4.3|9=57|35=0|34=395|49=CLIENT|52=20251129-14:23:37.000|56=SERVER|10=215|
2025-11-29 06:24:07,042 : (Admin) S >> 8=FIX.4.3|9=57|35=0|34=396|49=CLIENT|52=20251129-14:24:07.000|56=SERVER|10=214|
2025-11-29 06:24:07,044 : (Admin) R << 8=FIX.4.3|9=57|35=0|34=396|49=SERVER|52=20251129-14:24:07.000|56=CLIENT|10=214|
2025-11-29 06:24:37,161 : (Admin) R << 8=FIX.4.3|9=57|35=0|34=397|49=SERVER|52=20251129-14:24:37.000|56=CLIENT|10=218|
2025-11-29 06:24:37,161 : (Admin) S >> 8=FIX.4.3|9=57|35=0|34=397|49=CLIENT|52=20251129-14:24:37.000|56=SERVER|10=218|
2025-11-29 06:25:07,394 : (Admin) R << 8=FIX.4.3|9=57|35=0|34=398|49=SERVER|52=20251129-14:25:07.000|56=CLIENT|10=217|
2025-11-29 06:25:07,394 : (Admin) S >> 8=FIX.4.3|9=57|35=0|34=398|49=CLIENT|52=20251129-14:25:07.000|56=SERVER|10=217|
2025-11-29 06:25:37,596 : (Admin) R << 8=FIX.4.3|9=57|35=0|34=399|49=SERVER|52=20251129-14:25:37.000|56=CLIENT|10=221|
2025-11-29 06:25:37,597 : (Admin) S >> 8=FIX.4.3|9=57|35=0|34=399|49=CLIENT|52=20251129-14:25:37.000|56=SERVER|10=221|
2025-11-29 06:26:07,835 : (Admin) R << 8=FIX.4.3|9=57|35=0|34=400|49=SERVER|52=20251129-14:26:07.000|56=CLIENT|10=202|
2025-11-29 06:26:07,835 : (Admin) S >> 8=FIX.4.3|9=57|35=0|34=400|49=CLIENT|52=20251129-14:26:07.000|56=SERVER|10=202|
2025-11-29 06:26:37,081 : (Admin) R << 8=FIX.4.3|9=57|35=0|34=401|49=SERVER|52=20251129-14:26:37.000|56=CLIENT|10=206|
2025-11-29 06:26:37,082 : (Admin) S >> 8=FIX.4.3|9=57|35=0|34=401|49=CLIENT|52=20251129-14:26:37.000|56=SERVER|10=206|
2025-11-29 06:27:07,327 : (Admin) R << 8=FIX.4.3|9=57|35=0|34=402|49=SERVER|52=20251129-14:27:07.000|56=CLIENT|10=205|
2025-11-29 06:27:07,327 : (Admin) S >> 8=FIX.4.3|9=57|35=0|34=402|49=CLIENT|52=20251129-14:27:07.000|56=SERVER|10=205|
2025-11-29 06:27:37,563 : (Admin) R << 8=FIX.4.3|9=57|35=0|34=403|49=SERVER|52=20251129-14:27:37.000|56=CLIENT|10=209|
2025-11-29 06:27:37,563 : (Admin) S >> 8=FIX.4.3|9=57|35=0|34=403|49=CLIENT|52=20251129-14:27:37.000|56=SERVER|10=209|
2025-11-29 06:28:07,802 : (Admin) R << 8=FIX.4.3|9=57|35=0|34=404|49=SERVER|52=20251129-14:28:07.000|56=CLIENT|10=208|
2025-11-29 06:28:07,803 : (Admin) S >> 8=FIX.4.3|9=57|35=0|34=404|49=CLIENT|52=20251129-14:28:07.000|56=SERVER|10=208|
2025-11-29 06:28:37,163 : (Admin) S >> 8=FIX.4.3|9=57|35=0|34=405|49=CLIENT|52=20251129-14:28:37.000|56=SERVER|10=212|
2025-11-29 06:28:37,164 : (Admin) R << 8=FIX.4.3|9=57|35=0|34=405|49=SERVER|52=20251129-14:28:37.000|56=CLIENT|10=212|
2025-11-29 06:29:07,232 : (Admin) R << 8=FIX.4.3|9=57|35=0|34=406|49=SERVER|52=20251129-14:29:07.000|56=CLIENT|10=211|
2025-11-29 06:29:07,233 : (Admin) S >> 8=FIX.4.3|9=57|35=0|34=406|49=CLIENT|52=20251129-14:29:07.000|56=SERVER|10=211|
2025-11-29 06:29:37,469 : (Admin) R << 8=FIX.4.3|9=57|35=0|34=407|49=SERVER|52=20251129-14:29:37.000|56=CLIENT|10=215|
2025-11-29 06:29:37,470 : (Admin) S >> 8=FIX.4.3|9=57|35=0|34=407|49=CLIENT|52=20251129-14:29:37.000|56=SERVER|10=215|
2025-11-29 06:30:07,707 : (Admin) R << 8=FIX.4.3|9=57|35=0|34=408|49=SERVER|52=20251129-14:30:07.000|56=CLIENT|10=205|
2025-11-29 06:30:07,707 : (Admin) S >> 8=FIX.4.3|9=57|35=0|34=408|49=CLIENT|52=20251129-14:30:07.000|56=SERVER|10=205|
2025-11-29 06:30:37,081 : (Admin) S >> 8=FIX.4.3|9=57|35=0|34=409|49=CLIENT|52=20251129-14:30:37.000|56=SERVER|10=209|
2025-11-29 06:30:37,082 : (Admin) R << 8=FIX.4.3|9=57|35=0|34=409|49=SERVER|52=20251129-14:30:37.000|56=CLIENT|10=209|
2025-11-29 06:31:07,135 : (Admin) R << 8=FIX.4.3|9=57|35=0|34=410|49=SERVER|52=20251129-14:31:07.000|56=CLIENT|10=199|
2025-11-29 06:31:07,136 : (Admin) S >> 8=FIX.4.3|9=57|35=0|34=410|49=CLIENT|52=20251129-14:31:07.000|56=SERVER|10=199|
2025-11-29 06:31:37,408 : (Admin) R << 8=FIX.4.3|9=57|35=0|34=411|49=SERVER|52=20251129-14:31:37.000|56=CLIENT|10=203|
2025-11-29 06:31:37,408 : (Admin) S >> 8=FIX.4.3|9=57|35=0|34=411|49=CLIENT|52=20251129-14:31:37.000|56=SERVER|10=203|
2025-11-29 06:32:07,593 : (Admin) R << 8=FIX.4.3|9=57|35=0|34=412|49=SERVER|52=20251129-14:32:07.000|56=CLIENT|10=202|
2025-11-29 06:32:07,593 : (Admin) S >> 8=FIX.4.3|9=57|35=0|34=412|49=CLIENT|52=20251129-14:32:07.000|56=SERVER|10=202|
2025-11-29 06:32:37,044 : (Admin) S >> 8=FIX.4.3|9=57|35=0|34=413|49=CLIENT|52=20251129-14:32:37.000|56=SERVER|10=206|
2025-11-29 06:32:37,046 : (Admin) R << 8=FIX.4.3|9=57|35=0|34=413|49=SERVER|52=20251129-14:32:37.000|56=CLIENT|10=206|
2025-11-29 06:33:07,074 : (Admin) R << 8=FIX.4.3|9=57|35=0|34=414|49=SERVER|52=20251129-14:33:07.000|56=CLIENT|10=205|
2025-11-29 06:33:07,074 : (Admin) S >> 8=FIX.4.3|9=57|35=0|34=414|49=CLIENT|52=20251129-14:33:07.000|56=SERVER|10=205|
2025-11-29 06:33:37,261 : (Admin) R << 8=FIX.4.3|9=57|35=0|34=415|49=SERVER|52=20251129-14:33:37.000|56=CLIENT|10=209|
2025-11-29 06:33:37,262 : (Admin) S >> 8=FIX.4.3|9=57|35=0|34=415|49=CLIENT|52=20251129-14:33:37.000|56=SERVER|10=209|
2025-11-29 06:34:07,532 : (Admin) R << 8=FIX.4.3|9=57|35=0|34=416|49=SERVER|52=20251129-14:34:07.000|56=CLIENT|10=208|
2025-11-29 06:34:07,532 : (Admin) S >> 8=FIX.4.3|9=57|35=0|34=416|49=CLIENT|52=20251129-14:34:07.000|56=SERVER|10=208|
2025-11-29 06:34:37,796 : (Admin) R << 8=FIX.4.3|9=57|35=0|34=417|49=SERVER|52=20251129-14:34:37.000|56=CLIENT|10=212|
2025-11-29 06:34:37,796 : (Admin) S >> 8=FIX.4.3|9=57|35=0|34=417|49=CLIENT|52=20251129-14:34:37.000|56=SERVER|10=212|
2025-11-29 06:35:07,009 : (Admin) R << 8=FIX.4.3|9=57|35=0|34=418|49=SERVER|52=20251129-14:35:07.000|56=CLIENT|10=211|
2025-11-29 06:35:07,010 : (Admin) S >> 8=FIX.4.3|9=57|35=0|34=418|49=CLIENT|52=20251129-14:35:07.000|56=SERVER|10=211|
2025-11-29 06:35:37,251 : (Admin) R << 8=FIX.4.3|9=57|35=0|34=419|49=SERVER|52=20251129-14:35:37.000|56=CLIENT|10=215|
2025-11-29 06:35:37,251 : (Admin) S >> 8=FIX.4.3|9=57|35=0|34=419|49=CLIENT|52=20251129-14:35:37.000|56=SERVER|10=215|
2025-11-29 06:36:07,438 : (Admin) R << 8=FIX.4.3|9=57|35=0|34=420|49=SERVER|52=20251129-14:36:07.000|56=CLIENT|10=205|
2025-11-29 06:36:07,438 : (Admin) S >> 8=FIX.4.3|9=57|35=0|34=420|49=CLIENT|52=20251129-14:36:07.000|56=SERVER|10=205|
2025-11-29 06:36:37,688 : (Admin) R << 8=FIX.4.3|9=57|35=0|34=421|49=SERVER|52=20251129-14:36:37.000|56=CLIENT|10=209|
2025-11-29 06:36:37,689 : (Admin) S >> 8=FIX.4.3|9=57|35=0|34=421|49=CLIENT|52=20251129-14:36:37.000|56=SERVER|10=209|
2025-11-29 06:37:07,062 : (Admin) S >> 8=FIX.4.3|9=57|35=0|34=422|49=CLIENT|52=20251129-14:37:07.000|56=SERVER|10=208|
2025-11-29 06:37:07,064 : (Admin) R << 8=FIX.4.3|9=57|35=0|34=422|49=SERVER|52=20251129-14:37:07.000|56=CLIENT|10=208|
2025-11-29 06:37:37,154 : (Admin) R << 8=FIX.4.3|9=57|35=0|34=423|49=SERVER|52=20251129-14:37:37.000|56=CLIENT|10=212|
2025-11-29 06:37:37,154 : (Admin) S >> 8=FIX.4.3|9=57|35=0|34=423|49=CLIENT|52=20251129-14:37:37.000|56=SERVER|10=212|
2025-11-29 06:38:07,352 : (Admin) R << 8=FIX.4.3|9=57|35=0|34=424|49=SERVER|52=20251129-14:38:07.000|56=CLIENT|10=211|
2025-11-29 06:38:07,352 : (Admin) S >> 8=FIX.4.3|9=57|35=0|34=424|49=CLIENT|52=20251129-14:38:07.000|56=SERVER|10=211|
2025-11-29 06:38:37,573 : (Admin) R << 8=FIX.4.3|9=57|35=0|34=425|49=SERVER|52=20251129-14:38:37.000|56=CLIENT|10=215|
2025-11-29 06:38:37,573 : (Admin) S >> 8=FIX.4.3|9=57|35=0|34=425|49=CLIENT|52=20251129-14:38:37.000|56=SERVER|10=215|
2025-11-29 06:39:07,754 : (Admin) R << 8=FIX.4.3|9=57|35=0|34=426|49=SERVER|52=20251129-14:39:07.000|56=CLIENT|10=214|
2025-11-29 06:39:07,754 : (Admin) S >> 8=FIX.4.3|9=57|35=0|34=426|49=CLIENT|52=20251129-14:39:07.000|56=SERVER|10=214|
2025-11-29 06:39:37,221 : (Admin) S >> 8=FIX.4.3|9=57|35=0|34=427|49=CLIENT|52=20251129-14:39:37.000|56=SERVER|10=218|
2025-11-29 06:39:37,222 : (Admin) R << 8=FIX.4.3|9=57|35=0|34=427|49=SERVER|52=20251129-14:39:37.000|56=CLIENT|10=218|
2025-11-29 06:40:07,220 : (Admin) R << 8=FIX.4.3|9=57|35=0|34=428|49=SERVER|52=20251129-14:40:07.000|56=CLIENT|10=208|
2025-11-29 06:40:07,220 : (Admin) S >> 8=FIX.4.3|9=57|35=0|34=428|49=CLIENT|52=20251129-14:40:07.000|56=SERVER|10=208|
2025-11-29 06:40:37,379 : (Admin) R << 8=FIX.4.3|9=57|35=0|34=429|49=SERVER|52=20251129-14:40:37.000|56=CLIENT|10=212|
2025-11-29 06:40:37,379 : (Admin) S >> 8=FIX.4.3|9=57|35=0|34=429|49=CLIENT|52=20251129-14:40:37.000|56=SERVER|10=212|
2025-11-29 06:41:07,668 : (Admin) R << 8=FIX.4.3|9=57|35=0|34=430|49=SERVER|52=20251129-14:41:07.000|56=CLIENT|10=202|
2025-11-29 06:41:07,668 : (Admin) S >> 8=FIX.4.3|9=57|35=0|34=430|49=CLIENT|52=20251129-14:41:07.000|56=SERVER|10=202|
2025-11-29 06:41:37,126 : (Admin) S >> 8=FIX.4.3|9=57|35=0|34=431|49=CLIENT|52=20251129-14:41:37.000|56=SERVER|10=206|
2025-11-29 06:41:37,127 : (Admin) R << 8=FIX.4.3|9=57|35=0|34=431|49=SERVER|52=20251129-14:41:37.000|56=CLIENT|10=206|
2025-11-29 06:42:07,156 : (Admin) R << 8=FIX.4.3|9=57|35=0|34=432|49=SERVER|52=20251129-14:42:07.000|56=CLIENT|10=205|
2025-11-29 06:42:07,156 : (Admin) S >> 8=FIX.4.3|9=57|35=0|34=432|49=CLIENT|52=20251129-14:42:07.000|56=SERVER|10=205|
2025-11-29 06:42:37,381 : (Admin) R << 8=FIX.4.3|9=57|35=0|34=433|49=SERVER|52=20251129-14:42:37.000|56=CLIENT|10=209|
2025-11-29 06:42:37,382 : (Admin) S >> 8=FIX.4.3|9=57|35=0|34=433|49=CLIENT|52=20251129-14:42:37.000|56=SERVER|10=209|
2025-11-29 06:43:07,622 : (Admin) R << 8=FIX.4.3|9=57|35=0|34=434|49=SERVER|52=20251129-14:43:07.000|56=CLIENT|10=208|
2025-11-29 06:43:07,622 : (Admin) S >> 8=FIX.4.3|9=57|35=0|34=434|49=CLIENT|52=20251129-14:43:07.000|56=SERVER|10=208|
2025-11-29 06:43:37,102 : (Admin) S >> 8=FIX.4.3|9=57|35=0|34=435|49=CLIENT|52=20251129-14:43:37.000|56=SERVER|10=212|
2025-11-29 06:43:37,104 : (Admin) R << 8=FIX.4.3|9=57|35=0|34=435|49=SERVER|52=20251129-14:43:37.000|56=CLIENT|10=212|
2025-11-29 06:44:07,156 : (Admin) R << 8=FIX.4.3|9=57|35=0|34=436|49=SERVER|52=20251129-14:44:07.000|56=CLIENT|10=211|
2025-11-29 06:44:07,157 : (Admin) S >> 8=FIX.4.3|9=57|35=0|34=436|49=CLIENT|52=20251129-14:44:07.000|56=SERVER|10=211|
2025-11-29 06:44:37,359 : (Admin) R << 8=FIX.4.3|9=57|35=0|34=437|49=SERVER|52=20251129-14:44:37.000|56=CLIENT|10=215|
2025-11-29 06:44:37,360 : (Admin) S >> 8=FIX.4.3|9=57|35=0|34=437|49=CLIENT|52=20251129-14:44:37.000|56=SERVER|10=215|
2025-11-29 06:45:07,639 : (Admin) R << 8=FIX.4.3|9=57|35=0|34=438|49=SERVER|52=20251129-14:45:07.000|56=CLIENT|10=214|
2025-11-29 06:45:07,639 : (Admin) S >> 8=FIX.4.3|9=57|35=0|34=438|49=CLIENT|52=20251129-14:45:07.000|56=SERVER|10=214|
2025-11-29 06:45:37,091 : (Admin) S >> 8=FIX.4.3|9=57|35=0|34=439|49=CLIENT|52=20251129-14:45:37.000|56=SERVER|10=218|
2025-11-29 06:45:37,092 : (Admin) R << 8=FIX.4.3|9=57|35=0|34=439|49=SERVER|52=20251129-14:45:37.000|56=CLIENT|10=218|
2025-11-29 06:46:07,149 : (Admin) R << 8=FIX.4.3|9=57|35=0|34=440|49=SERVER|52=20251129-14:46:07.000|56=CLIENT|10=208|
2025-11-29 06:46:07,149 : (Admin) S >> 8=FIX.4.3|9=57|35=0|34=440|49=CLIENT|52=20251129-14:46:07.000|56=SERVER|10=208|
2025-11-29 06:46:37,421 : (Admin) R << 8=FIX.4.3|9=57|35=0|34=441|49=SERVER|52=20251129-14:46:37.000|56=CLIENT|10=212|
2025-11-29 06:46:37,421 : (Admin) S >> 8=FIX.4.3|9=57|35=0|34=441|49=CLIENT|52=20251129-14:46:37.000|56=SERVER|10=212|
2025-11-29 06:47:07,669 : (Admin) R << 8=FIX.4.3|9=57|35=0|34=442|49=SERVER|52=20251129-14:47:07.000|56=CLIENT|10=211|
2025-11-29 06:47:07,670 : (Admin) S >> 8=FIX.4.3|9=57|35=0|34=442|49=CLIENT|52=20251129-14:47:07.000|56=SERVER|10=211|
2025-11-29 06:47:37,091 : (Admin) S >> 8=FIX.4.3|9=57|35=0|34=443|49=CLIENT|52=20251129-14:47:37.000|56=SERVER|10=215|
2025-11-29 06:47:37,093 : (Admin) R << 8=FIX.4.3|9=57|35=0|34=443|49=SERVER|52=20251129-14:47:37.000|56=CLIENT|10=215|
2025-11-29 06:48:07,200 : (Admin) R << 8=FIX.4.3|9=57|35=0|34=444|49=SERVER|52=20251129-14:48:07.000|56=CLIENT|10=214|
2025-11-29 06:48:07,200 : (Admin) S >> 8=FIX.4.3|9=57|35=0|34=444|49=CLIENT|52=20251129-14:48:07.000|56=SERVER|10=214|
2025-11-29 06:48:37,459 : (Admin) R << 8=FIX.4.3|9=57|35=0|34=445|49=SERVER|52=20251129-14:48:37.000|56=CLIENT|10=218|
2025-11-29 06:48:37,459 : (Admin) S >> 8=FIX.4.3|9=57|35=0|34=445|49=CLIENT|52=20251129-14:48:37.000|56=SERVER|10=218|
2025-11-29 06:49:07,760 : (Admin) R << 8=FIX.4.3|9=57|35=0|34=446|49=SERVER|52=20251129-14:49:07.000|56=CLIENT|10=217|
2025-11-29 06:49:07,760 : (Admin) S >> 8=FIX.4.3|9=57|35=0|34=446|49=CLIENT|52=20251129-14:49:07.000|56=SERVER|10=217|
2025-11-29 06:49:37,064 : (Admin) R << 8=FIX.4.3|9=57|35=0|34=447|49=SERVER|52=20251129-14:49:37.000|56=CLIENT|10=221|
2025-11-29 06:49:37,064 : (Admin) S >> 8=FIX.4.3|9=57|35=0|34=447|49=CLIENT|52=20251129-14:49:37.000|56=SERVER|10=221|
2025-11-29 06:50:07,404 : (Admin) R << 8=FIX.4.3|9=57|35=0|34=448|49=SERVER|52=20251129-14:50:07.000|56=CLIENT|10=211|
2025-11-29 06:50:07,404 : (Admin) S >> 8=FIX.4.3|9=57|35=0|34=448|49=CLIENT|52=20251129-14:50:07.000|56=SERVER|10=211|
2025-11-29 06:50:37,708 : (Admin) R << 8=FIX.4.3|9=57|35=0|34=449|49=SERVER|52=20251129-14:50:37.000|56=CLIENT|10=215|
2025-11-29 06:50:37,708 : (Admin) S >> 8=FIX.4.3|9=57|35=0|34=449|49=CLIENT|52=20251129-14:50:37.000|56=SERVER|10=215|
2025-11-29 06:51:07,185 : (Admin) S >> 8=FIX.4.3|9=57|35=0|34=450|49=CLIENT|52=20251129-14:51:07.000|56=SERVER|10=205|
2025-11-29 06:51:07,187 : (Admin) R << 8=FIX.4.3|9=57|35=0|34=450|49=SERVER|52=20251129-14:51:07.000|56=CLIENT|10=205|
2025-11-29 06:51:37,210 : (Admin) R << 8=FIX.4.3|9=57|35=0|34=451|49=SERVER|52=20251129-14:51:37.000|56=CLIENT|10=209|
2025-11-29 06:51:37,211 : (Admin) S >> 8=FIX.4.3|9=57|35=0|34=451|49=CLIENT|52=20251129-14:51:37.000|56=SERVER|10=209|
2025-11-29 06:52:07,535 : (Admin) R << 8=FIX.4.3|9=57|35=0|34=452|49=SERVER|52=20251129-14:52:07.000|56=CLIENT|10=208|
2025-11-29 06:52:07,535 : (Admin) S >> 8=FIX.4.3|9=57|35=0|34=452|49=CLIENT|52=20251129-14:52:07.000|56=SERVER|10=208|
2025-11-29 06:52:37,133 : (Admin) S >> 8=FIX.4.3|9=57|35=0|34=453|49=CLIENT|52=20251129-14:52:37.000|56=SERVER|10=212|
2025-11-29 06:52:37,136 : (Admin) R << 8=FIX.4.3|9=57|35=0|34=453|49=SERVER|52=20251129-14:52:37.000|56=CLIENT|10=212|
2025-11-29 06:53:07,133 : (Admin) R << 8=FIX.4.3|9=57|35=0|34=454|49=SERVER|52=20251129-14:53:07.000|56=CLIENT|10=211|
2025-11-29 06:53:07,134 : (Admin) S >> 8=FIX.4.3|9=57|35=0|34=454|49=CLIENT|52=20251129-14:53:07.000|56=SERVER|10=211|
2025-11-29 06:53:37,437 : (Admin) R << 8=FIX.4.3|9=57|35=0|34=455|49=SERVER|52=20251129-14:53:37.000|56=CLIENT|10=215|
2025-11-29 06:53:37,437 : (Admin) S >> 8=FIX.4.3|9=57|35=0|34=455|49=CLIENT|52=20251129-14:53:37.000|56=SERVER|10=215|
2025-11-29 06:54:07,683 : (Admin) R << 8=FIX.4.3|9=57|35=0|34=456|49=SERVER|52=20251129-14:54:07.000|56=CLIENT|10=214|
2025-11-29 06:54:07,683 : (Admin) S >> 8=FIX.4.3|9=57|35=0|34=456|49=CLIENT|52=20251129-14:54:07.000|56=SERVER|10=214|
2025-11-29 06:54:37,232 : (Admin) S >> 8=FIX.4.3|9=57|35=0|34=457|49=CLIENT|52=20251129-14:54:37.000|56=SERVER|10=218|
2025-11-29 06:54:37,233 : (Admin) R << 8=FIX.4.3|9=57|35=0|34=457|49=SERVER|52=20251129-14:54:37.000|56=CLIENT|10=218|
2025-11-29 06:55:07,269 : (Admin) R << 8=FIX.4.3|9=57|35=0|34=458|49=SERVER|52=20251129-14:55:07.000|56=CLIENT|10=217|
2025-11-29 06:55:07,269 : (Admin) S >> 8=FIX.4.3|9=57|35=0|34=458|49=CLIENT|52=20251129-14:55:07.000|56=SERVER|10=217|
2025-11-29 06:55:37,590 : (Admin) R << 8=FIX.4.3|9=57|35=0|34=459|49=SERVER|52=20251129-14:55:37.000|56=CLIENT|10=221|
2025-11-29 06:55:37,590 : (Admin) S >> 8=FIX.4.3|9=57|35=0|34=459|49=CLIENT|52=20251129-14:55:37.000|56=SERVER|10=221|
2025-11-29 06:56:07,144 : (Admin) S >> 8=FIX.4.3|9=57|35=0|34=460|49=CLIENT|52=20251129-14:56:07.000|56=SERVER|10=211|
2025-11-29 06:56:07,149 : (Admin) R << 8=FIX.4.3|9=57|35=0|34=460|49=SERVER|52=20251129-14:56:07.000|56=CLIENT|10=211|
2025-11-29 06:56:37,188 : (Admin) R << 8=FIX.4.3|9=57|35=0|34=461|49=SERVER|52=20251129-14:56:37.000|56=CLIENT|10=215|
2025-11-29 06:56:37,189 : (Admin) S >> 8=FIX.4.3|9=57|35=0|34=461|49=CLIENT|52=20251129-14:56:37.000|56=SERVER|10=215|
2025-11-29 06:57:07,512 : (Admin) R << 8=FIX.4.3|9=57|35=0|34=462|49=SERVER|52=20251129-14:57:07.000|56=CLIENT|10=214|
2025-11-29 06:57:07,513 : (Admin) S >> 8=FIX.4.3|9=57|35=0|34=462|49=CLIENT|52=20251129-14:57:07.000|56=SERVER|10=214|
2025-11-29 06:57:37,090 : (Admin) S >> 8=FIX.4.3|9=57|35=0|34=463|49=CLIENT|52=20251129-14:57:37.000|56=SERVER|10=218|
2025-11-29 06:57:37,093 : (Admin) R << 8=FIX.4.3|9=57|35=0|34=463|49=SERVER|52=20251129-14:57:37.000|56=CLIENT|10=218|
2025-11-29 06:58:07,072 : (Admin) R << 8=FIX.4.3|9=57|35=0|34=464|49=SERVER|52=20251129-14:58:07.000|56=CLIENT|10=217|
2025-11-29 06:58:07,072 : (Admin) S >> 8=FIX.4.3|9=57|35=0|34=464|49=CLIENT|52=20251129-14:58:07.000|56=SERVER|10=217|
2025-11-29 06:58:37,362 : (Admin) R << 8=FIX.4.3|9=57|35=0|34=465|49=SERVER|52=20251129-14:58:37.000|56=CLIENT|10=221|
2025-11-29 06:58:37,362 : (Admin) S >> 8=FIX.4.3|9=57|35=0|34=465|49=CLIENT|52=20251129-14:58:37.000|56=SERVER|10=221|
2025-11-29 06:59:07,691 : (Admin) R << 8=FIX.4.3|9=57|35=0|34=466|49=SERVER|52=20251129-14:59:07.000|56=CLIENT|10=220|
2025-11-29 06:59:07,692 : (Admin) S >> 8=FIX.4.3|9=57|35=0|34=466|49=CLIENT|52=20251129-14:59:07.000|56=SERVER|10=220|
2025-11-29 06:59:37,272 : (Admin) S >> 8=FIX.4.3|9=57|35=0|34=467|49=CLIENT|52=20251129-14:59:37.000|56=SERVER|10=224|
2025-11-29 06:59:37,276 : (Admin) R << 8=FIX.4.3|9=57|35=0|34=467|49=SERVER|52=20251129-14:59:37.000|56=CLIENT|10=224|
2025-11-29 07:00:07,257 : (Admin) R << 8=FIX.4.3|9=57|35=0|34=468|49=SERVER|52=20251129-15:00:07.000|56=CLIENT|10=209|
2025-11-29 07:00:07,258 : (Admin) S >> 8=FIX.4.3|9=57|35=0|34=468|49=CLIENT|52=20251129-15:00:07.000|56=SERVER|10=209|
2025-11-29 07:00:37,505 : (Admin) R << 8=FIX.4.3|9=57|35=0|34=469|49=SERVER|52=20251129-15:00:37.000|56=CLIENT|10=213|
2025-11-29 07:00:37,506 : (Admin) S >> 8=FIX.4.3|9=57|35=0|34=469|49=CLIENT|52=20251129-15:00:37.000|56=SERVER|10=213|
2025-11-29 07:01:07,086 : (Admin) S >> 8=FIX.4.3|9=57|35=0|34=470|49=CLIENT|52=20251129-15:01:07.000|56=SERVER|10=203|
2025-11-29 07:01:07,090 : (Admin) R << 8=FIX.4.3|9=57|35=0|34=470|49=SERVER|52=20251129-15:01:07.000|56=CLIENT|10=203|
2025-11-29 07:01:37,060 : (Admin) R << 8=FIX.4.3|9=57|35=0|34=471|49=SERVER|52=20251129-15:01:37.000|56=CLIENT|10=207|
2025-11-29 07:01:37,061 : (Admin) S >> 8=FIX.4.3|9=57|35=0|34=471|49=CLIENT|52=20251129-15:01:37.000|56=SERVER|10=207|
2025-11-29 07:02:07,371 : (Admin) R << 8=FIX.4.3|9=57|35=0|34=472|49=SERVER|52=20251129-15:02:07.000|56=CLIENT|10=206|
2025-11-29 07:02:07,372 : (Admin) S >> 8=FIX.4.3|9=57|35=0|34=472|49=CLIENT|52=20251129-15:02:07.000|56=SERVER|10=206|
2025-11-29 07:02:37,689 : (Admin) R << 8=FIX.4.3|9=57|35=0|34=473|49=SERVER|52=20251129-15:02:37.000|56=CLIENT|10=210|
2025-11-29 07:02:37,689 : (Admin) S >> 8=FIX.4.3|9=57|35=0|34=473|49=CLIENT|52=20251129-15:02:37.000|56=SERVER|10=210|
2025-11-29 07:03:07,290 : (Admin) S >> 8=FIX.4.3|9=57|35=0|34=474|49=CLIENT|52=20251129-15:03:07.000|56=SERVER|10=209|
2025-11-29 07:03:07,293 : (Admin) R << 8=FIX.4.3|9=57|35=0|34=474|49=SERVER|52=20251129-15:03:07.000|56=CLIENT|10=209|
2025-11-29 07:03:37,327 : (Admin) R << 8=FIX.4.3|9=57|35=0|34=475|49=SERVER|52=20251129-15:03:37.000|56=CLIENT|10=213|
2025-11-29 07:03:37,328 : (Admin) S >> 8=FIX.4.3|9=57|35=0|34=475|49=CLIENT|52=20251129-15:03:37.000|56=SERVER|10=213|
2025-11-29 07:04:07,619 : (Admin) R << 8=FIX.4.3|9=57|35=0|34=476|49=SERVER|52=20251129-15:04:07.000|56=CLIENT|10=212|
2025-11-29 07:04:07,620 : (Admin) S >> 8=FIX.4.3|9=57|35=0|34=476|49=CLIENT|52=20251129-15:04:07.000|56=SERVER|10=212|
2025-11-29 07:04:37,221 : (Admin) S >> 8=FIX.4.3|9=57|35=0|34=477|49=CLIENT|52=20251129-15:04:37.000|56=SERVER|10=216|
2025-11-29 07:04:37,224 : (Admin) R << 8=FIX.4.3|9=57|35=0|34=477|49=SERVER|52=20251129-15:04:37.000|56=CLIENT|10=216|
2025-11-29 07:05:07,253 : (Admin) R << 8=FIX.4.3|9=57|35=0|34=478|49=SERVER|52=20251129-15:05:07.000|56=CLIENT|10=215|
2025-11-29 07:05:07,254 : (Admin) S >> 8=FIX.4.3|9=57|35=0|34=478|49=CLIENT|52=20251129-15:05:07.000|56=SERVER|10=215|
2025-11-29 07:05:37,561 : (Admin) R << 8=FIX.4.3|9=57|35=0|34=479|49=SERVER|52=20251129-15:05:37.000|56=CLIENT|10=219|
2025-11-29 07:05:37,562 : (Admin) S >> 8=FIX.4.3|9=57|35=0|34=479|49=CLIENT|52=20251129-15:05:37.000|56=SERVER|10=219|
2025-11-29 07:06:07,141 : (Admin) S >> 8=FIX.4.3|9=57|35=0|34=480|49=CLIENT|52=20251129-15:06:07.000|56=SERVER|10=209|
2025-11-29 07:06:07,144 : (Admin) R << 8=FIX.4.3|9=57|35=0|34=480|49=SERVER|52=20251129-15:06:07.000|56=CLIENT|10=209|
2025-11-29 07:06:37,199 : (Admin) R << 8=FIX.4.3|9=57|35=0|34=481|49=SERVER|52=20251129-15:06:37.000|56=CLIENT|10=213|
2025-11-29 07:06:37,200 : (Admin) S >> 8=FIX.4.3|9=57|35=0|34=481|49=CLIENT|52=20251129-15:06:37.000|56=SERVER|10=213|
2025-11-29 07:07:07,512 : (Admin) R << 8=FIX.4.3|9=57|35=0|34=482|49=SERVER|52=20251129-15:07:07.000|56=CLIENT|10=212|
2025-11-29 07:07:07,514 : (Admin) S >> 8=FIX.4.3|9=57|35=0|34=482|49=CLIENT|52=20251129-15:07:07.000|56=SERVER|10=212|
2025-11-29 07:07:37,062 : (Admin) S >> 8=FIX.4.3|9=57|35=0|34=483|49=CLIENT|52=20251129-15:07:37.000|56=SERVER|10=216|
2025-11-29 07:07:37,065 : (Admin) R << 8=FIX.4.3|9=57|35=0|34=483|49=SERVER|52=20251129-15:07:37.000|56=CLIENT|10=216|
2025-11-29 07:08:07,108 : (Admin) R << 8=FIX.4.3|9=57|35=0|34=484|49=SERVER|52=20251129-15:08:07.000|56=CLIENT|10=215|
2025-11-29 07:08:07,109 : (Admin) S >> 8=FIX.4.3|9=57|35=0|34=484|49=CLIENT|52=20251129-15:08:07.000|56=SERVER|10=215|
2025-11-29 07:08:37,426 : (Admin) R << 8=FIX.4.3|9=57|35=0|34=485|49=SERVER|52=20251129-15:08:37.000|56=CLIENT|10=219|
2025-11-29 07:08:37,427 : (Admin) S >> 8=FIX.4.3|9=57|35=0|34=485|49=CLIENT|52=20251129-15:08:37.000|56=SERVER|10=219|
2025-11-29 07:09:07,702 : (Admin) R << 8=FIX.4.3|9=57|35=0|34=486|49=SERVER|52=20251129-15:09:07.000|56=CLIENT|10=218|
2025-11-29 07:09:07,703 : (Admin) S >> 8=FIX.4.3|9=57|35=0|34=486|49=CLIENT|52=20251129-15:09:07.000|56=SERVER|10=218|
2025-11-29 07:09:37,270 : (Admin) S >> 8=FIX.4.3|9=57|35=0|34=487|49=CLIENT|52=20251129-15:09:37.000|56=SERVER|10=222|
2025-11-29 07:09:37,273 : (Admin) R << 8=FIX.4.3|9=57|35=0|34=487|49=SERVER|52=20251129-15:09:37.000|56=CLIENT|10=222|
2025-11-29 07:10:07,278 : (Admin) R << 8=FIX.4.3|9=57|35=0|34=488|49=SERVER|52=20251129-15:10:07.000|56=CLIENT|10=212|
2025-11-29 07:10:07,279 : (Admin) S >> 8=FIX.4.3|9=57|35=0|34=488|49=CLIENT|52=20251129-15:10:07.000|56=SERVER|10=212|
2025-11-29 07:10:37,577 : (Admin) R << 8=FIX.4.3|9=57|35=0|34=489|49=SERVER|52=20251129-15:10:37.000|56=CLIENT|10=216|
2025-11-29 07:10:37,578 : (Admin) S >> 8=FIX.4.3|9=57|35=0|34=489|49=CLIENT|52=20251129-15:10:37.000|56=SERVER|10=216|
2025-11-29 07:11:07,137 : (Admin) S >> 8=FIX.4.3|9=57|35=0|34=490|49=CLIENT|52=20251129-15:11:07.000|56=SERVER|10=206|
2025-11-29 07:11:07,140 : (Admin) R << 8=FIX.4.3|9=57|35=0|34=490|49=SERVER|52=20251129-15:11:07.000|56=CLIENT|10=206|
2025-11-29 07:11:37,182 : (Admin) R << 8=FIX.4.3|9=57|35=0|34=491|49=SERVER|52=20251129-15:11:37.000|56=CLIENT|10=210|
2025-11-29 07:11:37,183 : (Admin) S >> 8=FIX.4.3|9=57|35=0|34=491|49=CLIENT|52=20251129-15:11:37.000|56=SERVER|10=210|
2025-11-29 07:12:07,494 : (Admin) R << 8=FIX.4.3|9=57|35=0|34=492|49=SERVER|52=20251129-15:12:07.000|56=CLIENT|10=209|
2025-11-29 07:12:07,494 : (Admin) S >> 8=FIX.4.3|9=57|35=0|34=492|49=CLIENT|52=20251129-15:12:07.000|56=SERVER|10=209|
2025-11-29 07:12:37,066 : (Admin) S >> 8=FIX.4.3|9=57|35=0|34=493|49=CLIENT|52=20251129-15:12:37.000|56=SERVER|10=213|
2025-11-29 07:12:37,070 : (Admin) R << 8=FIX.4.3|9=57|35=0|34=493|49=SERVER|52=20251129-15:12:37.000|56=CLIENT|10=213|
2025-11-29 07:13:07,116 : (Admin) R << 8=FIX.4.3|9=57|35=0|34=494|49=SERVER|52=20251129-15:13:07.000|56=CLIENT|10=212|
2025-11-29 07:13:07,117 : (Admin) S >> 8=FIX.4.3|9=57|35=0|34=494|49=CLIENT|52=20251129-15:13:07.000|56=SERVER|10=212|
2025-11-29 07:13:37,404 : (Admin) R << 8=FIX.4.3|9=57|35=0|34=495|49=SERVER|52=20251129-15:13:37.000|56=CLIENT|10=216|
2025-11-29 07:13:37,405 : (Admin) S >> 8=FIX.4.3|9=57|35=0|34=495|49=CLIENT|52=20251129-15:13:37.000|56=SERVER|10=216|
2025-11-29 07:14:07,696 : (Admin) R << 8=FIX.4.3|9=57|35=0|34=496|49=SERVER|52=20251129-15:14:07.000|56=CLIENT|10=215|
2025-11-29 07:14:07,698 : (Admin) S >> 8=FIX.4.3|9=57|35=0|34=496|49=CLIENT|52=20251129-15:14:07.000|56=SERVER|10=215|
2025-11-29 07:14:37,247 : (Admin) S >> 8=FIX.4.3|9=57|35=0|34=497|49=CLIENT|52=20251129-15:14:37.000|56=SERVER|10=219|
2025-11-29 07:14:37,250 : (Admin) R << 8=FIX.4.3|9=57|35=0|34=497|49=SERVER|52=20251129-15:14:37.000|56=CLIENT|10=219|
2025-11-29 07:15:07,282 : (Admin) R << 8=FIX.4.3|9=57|35=0|34=498|49=SERVER|52=20251129-15:15:07.000|56=CLIENT|10=218|
2025-11-29 07:15:07,283 : (Admin) S >> 8=FIX.4.3|9=57|35=0|34=498|49=CLIENT|52=20251129-15:15:07.000|56=SERVER|10=218|
2025-11-29 07:15:37,583 : (Admin) R << 8=FIX.4.3|9=57|35=0|34=499|49=SERVER|52=20251129-15:15:37.000|56=CLIENT|10=222|
2025-11-29 07:15:37,584 : (Admin) S >> 8=FIX.4.3|9=57|35=0|34=499|49=CLIENT|52=20251129-15:15:37.000|56=SERVER|10=222|
2025-11-29 07:16:07,141 : (Admin) S >> 8=FIX.4.3|9=57|35=0|34=500|49=CLIENT|52=20251129-15:16:07.000|56=SERVER|10=203|
2025-11-29 07:16:07,144 : (Admin) R << 8=FIX.4.3|9=57|35=0|34=500|49=SERVER|52=20251129-15:16:07.000|56=CLIENT|10=203|
2025-11-29 07:16:37,176 : (Admin) R << 8=FIX.4.3|9=57|35=0|34=501|49=SERVER|52=20251129-15:16:37.000|56=CLIENT|10=207|
2025-11-29 07:16:37,176 : (Admin) S >> 8=FIX.4.3|9=57|35=0|34=501|49=CLIENT|52=20251129-15:16:37.000|56=SERVER|10=207|
2025-11-29 07:17:07,464 : (Admin) R << 8=FIX.4.3|9=57|35=0|34=502|49=SERVER|52=20251129-15:17:07.000|56=CLIENT|10=206|
2025-11-29 07:17:07,465 : (Admin) S >> 8=FIX.4.3|9=57|35=0|34=502|49=CLIENT|52=20251129-15:17:07.000|56=SERVER|10=206|
2025-11-29 07:17:37,017 : (Admin) S >> 8=FIX.4.3|9=57|35=0|34=503|49=CLIENT|52=20251129-15:17:37.000|56=SERVER|10=210|
2025-11-29 07:17:37,019 : (Admin) R << 8=FIX.4.3|9=57|35=0|34=503|49=SERVER|52=20251129-15:17:37.000|56=CLIENT|10=210|
2025-11-29 07:18:07,080 : (Admin) R << 8=FIX.4.3|9=57|35=0|34=504|49=SERVER|52=20251129-15:18:07.000|56=CLIENT|10=209|
2025-11-29 07:18:07,082 : (Admin) S >> 8=FIX.4.3|9=57|35=0|34=504|49=CLIENT|52=20251129-15:18:07.000|56=SERVER|10=209|
2025-11-29 07:18:37,360 : (Admin) R << 8=FIX.4.3|9=57|35=0|34=505|49=SERVER|52=20251129-15:18:37.000|56=CLIENT|10=213|
2025-11-29 07:18:37,360 : (Admin) S >> 8=FIX.4.3|9=57|35=0|34=505|49=CLIENT|52=20251129-15:18:37.000|56=SERVER|10=213|
2025-11-29 07:19:07,671 : (Admin) R << 8=FIX.4.3|9=57|35=0|34=506|49=SERVER|52=20251129-15:19:07.000|56=CLIENT|10=212|
2025-11-29 07:19:07,672 : (Admin) S >> 8=FIX.4.3|9=57|35=0|34=506|49=CLIENT|52=20251129-15:19:07.000|56=SERVER|10=212|
2025-11-29 07:19:37,264 : (Admin) S >> 8=FIX.4.3|9=57|35=0|34=507|49=CLIENT|52=20251129-15:19:37.000|56=SERVER|10=216|
2025-11-29 07:19:37,266 : (Admin) R << 8=FIX.4.3|9=57|35=0|34=507|49=SERVER|52=20251129-15:19:37.000|56=CLIENT|10=216|
2025-11-29 07:20:07,251 : (Admin) R << 8=FIX.4.3|9=57|35=0|34=508|49=SERVER|52=20251129-15:20:07.000|56=CLIENT|10=206|
2025-11-29 07:20:07,251 : (Admin) S >> 8=FIX.4.3|9=57|35=0|34=508|49=CLIENT|52=20251129-15:20:07.000|56=SERVER|10=206|
2025-11-29 07:20:37,544 : (Admin) R << 8=FIX.4.3|9=57|35=0|34=509|49=SERVER|52=20251129-15:20:37.000|56=CLIENT|10=210|
2025-11-29 07:20:37,545 : (Admin) S >> 8=FIX.4.3|9=57|35=0|34=509|49=CLIENT|52=20251129-15:20:37.000|56=SERVER|10=210|
2025-11-29 07:21:07,156 : (Admin) S >> 8=FIX.4.3|9=57|35=0|34=510|49=CLIENT|52=20251129-15:21:07.000|56=SERVER|10=200|
2025-11-29 07:21:07,160 : (Admin) R << 8=FIX.4.3|9=57|35=0|34=510|49=SERVER|52=20251129-15:21:07.000|56=CLIENT|10=200|
2025-11-29 07:21:37,129 : (Admin) R << 8=FIX.4.3|9=57|35=0|34=511|49=SERVER|52=20251129-15:21:37.000|56=CLIENT|10=204|
2025-11-29 07:21:37,130 : (Admin) S >> 8=FIX.4.3|9=57|35=0|34=511|49=CLIENT|52=20251129-15:21:37.000|56=SERVER|10=204|
2025-11-29 07:22:07,444 : (Admin) R << 8=FIX.4.3|9=57|35=0|34=512|49=SERVER|52=20251129-15:22:07.000|56=CLIENT|10=203|
2025-11-29 07:22:07,445 : (Admin) S >> 8=FIX.4.3|9=57|35=0|34=512|49=CLIENT|52=20251129-15:22:07.000|56=SERVER|10=203|
2025-11-29 07:22:37,000 : (Admin) S >> 8=FIX.4.3|9=57|35=0|34=513|49=CLIENT|52=20251129-15:22:37.000|56=SERVER|10=207|
2025-11-29 07:22:37,009 : (Admin) R << 8=FIX.4.3|9=57|35=0|34=513|49=SERVER|52=20251129-15:22:37.000|56=CLIENT|10=207|
2025-11-29 07:23:07,013 : (Admin) R << 8=FIX.4.3|9=57|35=0|34=514|49=SERVER|52=20251129-15:23:07.000|56=CLIENT|10=206|
2025-11-29 07:23:07,014 : (Admin) S >> 8=FIX.4.3|9=57|35=0|34=514|49=CLIENT|52=20251129-15:23:07.000|56=SERVER|10=206|
2025-11-29 07:23:37,310 : (Admin) R << 8=FIX.4.3|9=57|35=0|34=515|49=SERVER|52=20251129-15:23:37.000|56=CLIENT|10=210|
2025-11-29 07:23:37,312 : (Admin) S >> 8=FIX.4.3|9=57|35=0|34=515|49=CLIENT|52=20251129-15:23:37.000|56=SERVER|10=210|
2025-11-29 07:24:07,618 : (Admin) R << 8=FIX.4.3|9=57|35=0|34=516|49=SERVER|52=20251129-15:24:07.000|56=CLIENT|10=209|
2025-11-29 07:24:07,619 : (Admin) S >> 8=FIX.4.3|9=57|35=0|34=516|49=CLIENT|52=20251129-15:24:07.000|56=SERVER|10=209|
2025-11-29 07:24:37,181 : (Admin) S >> 8=FIX.4.3|9=57|35=0|34=517|49=CLIENT|52=20251129-15:24:37.000|56=SERVER|10=213|
2025-11-29 07:24:37,183 : (Admin) R << 8=FIX.4.3|9=57|35=0|34=517|49=SERVER|52=20251129-15:24:37.000|56=CLIENT|10=213|
2025-11-29 07:25:07,214 : (Admin) R << 8=FIX.4.3|9=57|35=0|34=518|49=SERVER|52=20251129-15:25:07.000|56=CLIENT|10=212|
2025-11-29 07:25:07,215 : (Admin) S >> 8=FIX.4.3|9=57|35=0|34=518|49=CLIENT|52=20251129-15:25:07.000|56=SERVER|10=212|
2025-11-29 07:25:37,529 : (Admin) R << 8=FIX.4.3|9=57|35=0|34=519|49=SERVER|52=20251129-15:25:37.000|56=CLIENT|10=216|
2025-11-29 07:25:37,530 : (Admin) S >> 8=FIX.4.3|9=57|35=0|34=519|49=CLIENT|52=20251129-15:25:37.000|56=SERVER|10=216|
2025-11-29 07:26:07,147 : (Admin) S >> 8=FIX.4.3|9=57|35=0|34=520|49=CLIENT|52=20251129-15:26:07.000|56=SERVER|10=206|
2025-11-29 07:26:07,150 : (Admin) R << 8=FIX.4.3|9=57|35=0|34=520|49=SERVER|52=20251129-15:26:07.000|56=CLIENT|10=206|
2025-11-29 07:26:37,181 : (Admin) R << 8=FIX.4.3|9=57|35=0|34=521|49=SERVER|52=20251129-15:26:37.000|56=CLIENT|10=210|
2025-11-29 07:26:37,182 : (Admin) S >> 8=FIX.4.3|9=57|35=0|34=521|49=CLIENT|52=20251129-15:26:37.000|56=SERVER|10=210|
2025-11-29 07:27:07,497 : (Admin) R << 8=FIX.4.3|9=57|35=0|34=522|49=SERVER|52=20251129-15:27:07.000|56=CLIENT|10=209|
2025-11-29 07:27:07,498 : (Admin) S >> 8=FIX.4.3|9=57|35=0|34=522|49=CLIENT|52=20251129-15:27:07.000|56=SERVER|10=209|
2025-11-29 07:27:37,082 : (Admin) S >> 8=FIX.4.3|9=57|35=0|34=523|49=CLIENT|52=20251129-15:27:37.000|56=SERVER|10=213|
2025-11-29 07:27:37,086 : (Admin) R << 8=FIX.4.3|9=57|35=0|34=523|49=SERVER|52=20251129-15:27:37.000|56=CLIENT|10=213|
2025-11-29 07:28:07,087 : (Admin) R << 8=FIX.4.3|9=57|35=0|34=524|49=SERVER|52=20251129-15:28:07.000|56=CLIENT|10=212|
2025-11-29 07:28:07,087 : (Admin) S >> 8=FIX.4.3|9=57|35=0|34=524|49=CLIENT|52=20251129-15:28:07.000|56=SERVER|10=212|
2025-11-29 07:28:37,396 : (Admin) R << 8=FIX.4.3|9=57|35=0|34=525|49=SERVER|52=20251129-15:28:37.000|56=CLIENT|10=216|
2025-11-29 07:28:37,396 : (Admin) S >> 8=FIX.4.3|9=57|35=0|34=525|49=CLIENT|52=20251129-15:28:37.000|56=SERVER|10=216|
2025-11-29 07:29:07,020 : (Admin) S >> 8=FIX.4.3|9=57|35=0|34=526|49=CLIENT|52=20251129-15:29:07.000|56=SERVER|10=215|
2025-11-29 07:29:07,023 : (Admin) R << 8=FIX.4.3|9=57|35=0|34=526|49=SERVER|52=20251129-15:29:07.000|56=CLIENT|10=215|
2025-11-29 07:29:37,022 : (Admin) R << 8=FIX.4.3|9=57|35=0|34=527|49=SERVER|52=20251129-15:29:37.000|56=CLIENT|10=219|
2025-11-29 07:29:37,023 : (Admin) S >> 8=FIX.4.3|9=57|35=0|34=527|49=CLIENT|52=20251129-15:29:37.000|56=SERVER|10=219|
2025-11-29 07:30:07,331 : (Admin) R << 8=FIX.4.3|9=57|35=0|34=528|49=SERVER|52=20251129-15:30:07.000|56=CLIENT|10=209|
2025-11-29 07:30:07,332 : (Admin) S >> 8=FIX.4.3|9=57|35=0|34=528|49=CLIENT|52=20251129-15:30:07.000|56=SERVER|10=209|
2025-11-29 07:30:37,622 : (Admin) R << 8=FIX.4.3|9=57|35=0|34=529|49=SERVER|52=20251129-15:30:37.000|56=CLIENT|10=213|
2025-11-29 07:30:37,623 : (Admin) S >> 8=FIX.4.3|9=57|35=0|34=529|49=CLIENT|52=20251129-15:30:37.000|56=SERVER|10=213|
2025-11-29 07:31:07,212 : (Admin) S >> 8=FIX.4.3|9=57|35=0|34=530|49=CLIENT|52=20251129-15:31:07.000|56=SERVER|10=203|
2025-11-29 07:31:07,215 : (Admin) R << 8=FIX.4.3|9=57|35=0|34=530|49=SERVER|52=20251129-15:31:07.000|56=CLIENT|10=203|
2025-11-29 07:31:37,214 : (Admin) R << 8=FIX.4.3|9=57|35=0|34=531|49=SERVER|52=20251129-15:31:37.000|56=CLIENT|10=207|
2025-11-29 07:31:37,215 : (Admin) S >> 8=FIX.4.3|9=57|35=0|34=531|49=CLIENT|52=20251129-15:31:37.000|56=SERVER|10=207|
2025-11-29 07:32:07,542 : (Admin) R << 8=FIX.4.3|9=57|35=0|34=532|49=SERVER|52=20251129-15:32:07.000|56=CLIENT|10=206|
2025-11-29 07:32:07,543 : (Admin) S >> 8=FIX.4.3|9=57|35=0|34=532|49=CLIENT|52=20251129-15:32:07.000|56=SERVER|10=206|
2025-11-29 07:32:37,137 : (Admin) S >> 8=FIX.4.3|9=57|35=0|34=533|49=CLIENT|52=20251129-15:32:37.000|56=SERVER|10=210|
2025-11-29 07:32:37,140 : (Admin) R << 8=FIX.4.3|9=57|35=0|34=533|49=SERVER|52=20251129-15:32:37.000|56=CLIENT|10=210|
2025-11-29 07:33:07,144 : (Admin) R << 8=FIX.4.3|9=57|35=0|34=534|49=SERVER|52=20251129-15:33:07.000|56=CLIENT|10=209|
2025-11-29 07:33:07,145 : (Admin) S >> 8=FIX.4.3|9=57|35=0|34=534|49=CLIENT|52=20251129-15:33:07.000|56=SERVER|10=209|
2025-11-29 07:33:37,434 : (Admin) R << 8=FIX.4.3|9=57|35=0|34=535|49=SERVER|52=20251129-15:33:37.000|56=CLIENT|10=213|
2025-11-29 07:33:37,435 : (Admin) S >> 8=FIX.4.3|9=57|35=0|34=535|49=CLIENT|52=20251129-15:33:37.000|56=SERVER|10=213|
2025-11-29 07:34:07,076 : (Admin) S >> 8=FIX.4.3|9=57|35=0|34=536|49=CLIENT|52=20251129-15:34:07.000|56=SERVER|10=212|
2025-11-29 07:34:07,079 : (Admin) R << 8=FIX.4.3|9=57|35=0|34=536|49=SERVER|52=20251129-15:34:07.000|56=CLIENT|10=212|
2025-11-29 07:34:37,029 : (Admin) R << 8=FIX.4.3|9=57|35=0|34=537|49=SERVER|52=20251129-15:34:37.000|56=CLIENT|10=216|
2025-11-29 07:34:37,030 : (Admin) S >> 8=FIX.4.3|9=57|35=0|34=537|49=CLIENT|52=20251129-15:34:37.000|56=SERVER|10=216|
2025-11-29 07:35:07,275 : (Admin) R << 8=FIX.4.3|9=57|35=0|34=538|49=SERVER|52=20251129-15:35:07.000|56=CLIENT|10=215|
2025-11-29 07:35:07,276 : (Admin) S >> 8=FIX.4.3|9=57|35=0|34=538|49=CLIENT|52=20251129-15:35:07.000|56=SERVER|10=215|
2025-11-29 07:35:37,567 : (Admin) R << 8=FIX.4.3|9=57|35=0|34=539|49=SERVER|52=20251129-15:35:37.000|56=CLIENT|10=219|
2025-11-29 07:35:37,567 : (Admin) S >> 8=FIX.4.3|9=57|35=0|34=539|49=CLIENT|52=20251129-15:35:37.000|56=SERVER|10=219|
2025-11-29 07:36:07,226 : (Admin) S >> 8=FIX.4.3|9=57|35=0|34=540|49=CLIENT|52=20251129-15:36:07.000|56=SERVER|10=209|
2025-11-29 07:36:07,229 : (Admin) R << 8=FIX.4.3|9=57|35=0|34=540|49=SERVER|52=20251129-15:36:07.000|56=CLIENT|10=209|
2025-11-29 07:36:37,146 : (Admin) R << 8=FIX.4.3|9=57|35=0|34=541|49=SERVER|52=20251129-15:36:37.000|56=CLIENT|10=213|
2025-11-29 07:36:37,147 : (Admin) S >> 8=FIX.4.3|9=57|35=0|34=541|49=CLIENT|52=20251129-15:36:37.000|56=SERVER|10=213|
2025-11-29 07:37:07,482 : (Admin) R << 8=FIX.4.3|9=57|35=0|34=542|49=SERVER|52=20251129-15:37:07.000|56=CLIENT|10=212|
2025-11-29 07:37:07,483 : (Admin) S >> 8=FIX.4.3|9=57|35=0|34=542|49=CLIENT|52=20251129-15:37:07.000|56=SERVER|10=212|
2025-11-29 07:37:37,114 : (Admin) S >> 8=FIX.4.3|9=57|35=0|34=543|49=CLIENT|52=20251129-15:37:37.000|56=SERVER|10=216|
2025-11-29 07:37:37,116 : (Admin) R << 8=FIX.4.3|9=57|35=0|34=543|49=SERVER|52=20251129-15:37:37.000|56=CLIENT|10=216|
2025-11-29 07:38:07,059 : (Admin) R << 8=FIX.4.3|9=57|35=0|34=544|49=SERVER|52=20251129-15:38:07.000|56=CLIENT|10=215|
2025-11-29 07:38:07,060 : (Admin) S >> 8=FIX.4.3|9=57|35=0|34=544|49=CLIENT|52=20251129-15:38:07.000|56=SERVER|10=215|
2025-11-29 07:38:37,372 : (Admin) R << 8=FIX.4.3|9=57|35=0|34=545|49=SERVER|52=20251129-15:38:37.000|56=CLIENT|10=219|
2025-11-29 07:38:37,373 : (Admin) S >> 8=FIX.4.3|9=57|35=0|34=545|49=CLIENT|52=20251129-15:38:37.000|56=SERVER|10=219|
2025-11-29 07:39:07,016 : (Admin) S >> 8=FIX.4.3|9=57|35=0|34=546|49=CLIENT|52=20251129-15:39:07.000|56=SERVER|10=218|
2025-11-29 07:39:07,019 : (Admin) R << 8=FIX.4.3|9=57|35=0|34=546|49=SERVER|52=20251129-15:39:07.000|56=CLIENT|10=218|
2025-11-29 07:39:37,315 : (Admin) S >> 8=FIX.4.3|9=57|35=0|34=547|49=CLIENT|52=20251129-15:39:37.000|56=SERVER|10=222|
2025-11-29 07:39:37,318 : (Admin) R << 8=FIX.4.3|9=57|35=0|34=547|49=SERVER|52=20251129-15:39:37.000|56=CLIENT|10=222|
2025-11-29 07:40:07,259 : (Admin) R << 8=FIX.4.3|9=57|35=0|34=548|49=SERVER|52=20251129-15:40:07.000|56=CLIENT|10=212|
2025-11-29 07:40:07,260 : (Admin) S >> 8=FIX.4.3|9=57|35=0|34=548|49=CLIENT|52=20251129-15:40:07.000|56=SERVER|10=212|
2025-11-29 07:40:37,563 : (Admin) R << 8=FIX.4.3|9=57|35=0|34=549|49=SERVER|52=20251129-15:40:37.000|56=CLIENT|10=216|
2025-11-29 07:40:37,564 : (Admin) S >> 8=FIX.4.3|9=57|35=0|34=549|49=CLIENT|52=20251129-15:40:37.000|56=SERVER|10=216|
2025-11-29 07:41:07,208 : (Admin) S >> 8=FIX.4.3|9=57|35=0|34=550|49=CLIENT|52=20251129-15:41:07.000|56=SERVER|10=206|
2025-11-29 07:41:07,211 : (Admin) R << 8=FIX.4.3|9=57|35=0|34=550|49=SERVER|52=20251129-15:41:07.000|56=CLIENT|10=206|
2025-11-29 07:41:37,168 : (Admin) R << 8=FIX.4.3|9=57|35=0|34=551|49=SERVER|52=20251129-15:41:37.000|56=CLIENT|10=210|
2025-11-29 07:41:37,169 : (Admin) S >> 8=FIX.4.3|9=57|35=0|34=551|49=CLIENT|52=20251129-15:41:37.000|56=SERVER|10=210|
2025-11-29 07:42:07,487 : (Admin) R << 8=FIX.4.3|9=57|35=0|34=552|49=SERVER|52=20251129-15:42:07.000|56=CLIENT|10=209|
2025-11-29 07:42:07,488 : (Admin) S >> 8=FIX.4.3|9=57|35=0|34=552|49=CLIENT|52=20251129-15:42:07.000|56=SERVER|10=209|
2025-11-29 07:42:37,136 : (Admin) S >> 8=FIX.4.3|9=57|35=0|34=553|49=CLIENT|52=20251129-15:42:37.000|56=SERVER|10=213|
2025-11-29 07:42:37,139 : (Admin) R << 8=FIX.4.3|9=57|35=0|34=553|49=SERVER|52=20251129-15:42:37.000|56=CLIENT|10=213|
2025-11-29 07:43:07,082 : (Admin) R << 8=FIX.4.3|9=57|35=0|34=554|49=SERVER|52=20251129-15:43:07.000|56=CLIENT|10=212|
2025-11-29 07:43:07,083 : (Admin) S >> 8=FIX.4.3|9=57|35=0|34=554|49=CLIENT|52=20251129-15:43:07.000|56=SERVER|10=212|
2025-11-29 07:43:37,374 : (Admin) R << 8=FIX.4.3|9=57|35=0|34=555|49=SERVER|52=20251129-15:43:37.000|56=CLIENT|10=216|
2025-11-29 07:43:37,375 : (Admin) S >> 8=FIX.4.3|9=57|35=0|34=555|49=CLIENT|52=20251129-15:43:37.000|56=SERVER|10=216|
2025-11-29 07:44:07,075 : (Admin) S >> 8=FIX.4.3|9=57|35=0|34=556|49=CLIENT|52=20251129-15:44:07.000|56=SERVER|10=215|
2025-11-29 07:44:07,078 : (Admin) R << 8=FIX.4.3|9=57|35=0|34=556|49=SERVER|52=20251129-15:44:07.000|56=CLIENT|10=215|
2025-11-29 07:44:37,364 : (Admin) S >> 8=FIX.4.3|9=57|35=0|34=557|49=CLIENT|52=20251129-15:44:37.000|56=SERVER|10=219|
2025-11-29 07:44:37,366 : (Admin) R << 8=FIX.4.3|9=57|35=0|34=557|49=SERVER|52=20251129-15:44:37.000|56=CLIENT|10=219|
2025-11-29 07:45:07,302 : (Admin) R << 8=FIX.4.3|9=57|35=0|34=558|49=SERVER|52=20251129-15:45:07.000|56=CLIENT|10=218|
2025-11-29 07:45:07,303 : (Admin) S >> 8=FIX.4.3|9=57|35=0|34=558|49=CLIENT|52=20251129-15:45:07.000|56=SERVER|10=218|
2025-11-29 07:45:37,622 : (Admin) R << 8=FIX.4.3|9=57|35=0|34=559|49=SERVER|52=20251129-15:45:37.000|56=CLIENT|10=222|
2025-11-29 07:45:37,623 : (Admin) S >> 8=FIX.4.3|9=57|35=0|34=559|49=CLIENT|52=20251129-15:45:37.000|56=SERVER|10=222|
2025-11-29 07:46:07,266 : (Admin) S >> 8=FIX.4.3|9=57|35=0|34=560|49=CLIENT|52=20251129-15:46:07.000|56=SERVER|10=212|
2025-11-29 07:46:07,270 : (Admin) R << 8=FIX.4.3|9=57|35=0|34=560|49=SERVER|52=20251129-15:46:07.000|56=CLIENT|10=212|
2025-11-29 07:46:37,246 : (Admin) R << 8=FIX.4.3|9=57|35=0|34=561|49=SERVER|52=20251129-15:46:37.000|56=CLIENT|10=216|
2025-11-29 07:46:37,247 : (Admin) S >> 8=FIX.4.3|9=57|35=0|34=561|49=CLIENT|52=20251129-15:46:37.000|56=SERVER|10=216|
2025-11-29 07:47:07,576 : (Admin) R << 8=FIX.4.3|9=57|35=0|34=562|49=SERVER|52=20251129-15:47:07.000|56=CLIENT|10=215|
2025-11-29 07:47:07,577 : (Admin) S >> 8=FIX.4.3|9=57|35=0|34=562|49=CLIENT|52=20251129-15:47:07.000|56=SERVER|10=215|
2025-11-29 07:47:37,179 : (Admin) S >> 8=FIX.4.3|9=57|35=0|34=563|49=CLIENT|52=20251129-15:47:37.000|56=SERVER|10=219|
2025-11-29 07:47:37,182 : (Admin) R << 8=FIX.4.3|9=57|35=0|34=563|49=SERVER|52=20251129-15:47:37.000|56=CLIENT|10=219|
2025-11-29 07:48:07,180 : (Admin) R << 8=FIX.4.3|9=57|35=0|34=564|49=SERVER|52=20251129-15:48:07.000|56=CLIENT|10=218|
2025-11-29 07:48:07,181 : (Admin) S >> 8=FIX.4.3|9=57|35=0|34=564|49=CLIENT|52=20251129-15:48:07.000|56=SERVER|10=218|
2025-11-29 07:48:37,457 : (Admin) R << 8=FIX.4.3|9=57|35=0|34=565|49=SERVER|52=20251129-15:48:37.000|56=CLIENT|10=222|
2025-11-29 07:48:37,459 : (Admin) S >> 8=FIX.4.3|9=57|35=0|34=565|49=CLIENT|52=20251129-15:48:37.000|56=SERVER|10=222|
2025-11-29 07:49:07,053 : (Admin) S >> 8=FIX.4.3|9=57|35=0|34=566|49=CLIENT|52=20251129-15:49:07.000|56=SERVER|10=221|
2025-11-29 07:49:07,057 : (Admin) R << 8=FIX.4.3|9=57|35=0|34=566|49=SERVER|52=20251129-15:49:07.000|56=CLIENT|10=221|
2025-11-29 07:49:37,023 : (Admin) R << 8=FIX.4.3|9=57|35=0|34=567|49=SERVER|52=20251129-15:49:37.000|56=CLIENT|10=225|
2025-11-29 07:49:37,024 : (Admin) S >> 8=FIX.4.3|9=57|35=0|34=567|49=CLIENT|52=20251129-15:49:37.000|56=SERVER|10=225|
2025-11-29 07:50:07,349 : (Admin) R << 8=FIX.4.3|9=57|35=0|34=568|49=SERVER|52=20251129-15:50:07.000|56=CLIENT|10=215|
2025-11-29 07:50:07,349 : (Admin) S >> 8=FIX.4.3|9=57|35=0|34=568|49=CLIENT|52=20251129-15:50:07.000|56=SERVER|10=215|
2025-11-29 07:50:37,650 : (Admin) R << 8=FIX.4.3|9=57|35=0|34=569|49=SERVER|52=20251129-15:50:37.000|56=CLIENT|10=219|
2025-11-29 07:50:37,651 : (Admin) S >> 8=FIX.4.3|9=57|35=0|34=569|49=CLIENT|52=20251129-15:50:37.000|56=SERVER|10=219|
2025-11-29 07:51:07,235 : (Admin) S >> 8=FIX.4.3|9=57|35=0|34=570|49=CLIENT|52=20251129-15:51:07.000|56=SERVER|10=209|
2025-11-29 07:51:07,238 : (Admin) R << 8=FIX.4.3|9=57|35=0|34=570|49=SERVER|52=20251129-15:51:07.000|56=CLIENT|10=209|
2025-11-29 07:51:37,188 : (Admin) R << 8=FIX.4.3|9=57|35=0|34=571|49=SERVER|52=20251129-15:51:37.000|56=CLIENT|10=213|
2025-11-29 07:51:37,189 : (Admin) S >> 8=FIX.4.3|9=57|35=0|34=571|49=CLIENT|52=20251129-15:51:37.000|56=SERVER|10=213|
2025-11-29 07:52:07,433 : (Admin) R << 8=FIX.4.3|9=57|35=0|34=572|49=SERVER|52=20251129-15:52:07.000|56=CLIENT|10=212|
2025-11-29 07:52:07,434 : (Admin) S >> 8=FIX.4.3|9=57|35=0|34=572|49=CLIENT|52=20251129-15:52:07.000|56=SERVER|10=212|
2025-11-29 07:52:37,004 : (Admin) S >> 8=FIX.4.3|9=57|35=0|34=573|49=CLIENT|52=20251129-15:52:37.000|56=SERVER|10=216|
2025-11-29 07:52:37,007 : (Admin) R << 8=FIX.4.3|9=57|35=0|34=573|49=SERVER|52=20251129-15:52:37.000|56=CLIENT|10=216|
2025-11-29 07:53:07,286 : (Admin) S >> 8=FIX.4.3|9=57|35=0|34=574|49=CLIENT|52=20251129-15:53:07.000|56=SERVER|10=215|
2025-11-29 07:53:07,288 : (Admin) R << 8=FIX.4.3|9=57|35=0|34=574|49=SERVER|52=20251129-15:53:07.000|56=CLIENT|10=215|
2025-11-29 07:53:37,252 : (Admin) R << 8=FIX.4.3|9=57|35=0|34=575|49=SERVER|52=20251129-15:53:37.000|56=CLIENT|10=219|
2025-11-29 07:53:37,253 : (Admin) S >> 8=FIX.4.3|9=57|35=0|34=575|49=CLIENT|52=20251129-15:53:37.000|56=SERVER|10=219|
2025-11-29 07:54:07,568 : (Admin) R << 8=FIX.4.3|9=57|35=0|34=576|49=SERVER|52=20251129-15:54:07.000|56=CLIENT|10=218|
2025-11-29 07:54:07,569 : (Admin) S >> 8=FIX.4.3|9=57|35=0|34=576|49=CLIENT|52=20251129-15:54:07.000|56=SERVER|10=218|
2025-11-29 07:54:37,179 : (Admin) S >> 8=FIX.4.3|9=57|35=0|34=577|49=CLIENT|52=20251129-15:54:37.000|56=SERVER|10=222|
2025-11-29 07:54:37,182 : (Admin) R << 8=FIX.4.3|9=57|35=0|34=577|49=SERVER|52=20251129-15:54:37.000|56=CLIENT|10=222|
2025-11-29 07:55:07,163 : (Admin) R << 8=FIX.4.3|9=57|35=0|34=578|49=SERVER|52=20251129-15:55:07.000|56=CLIENT|10=221|
2025-11-29 07:55:07,164 : (Admin) S >> 8=FIX.4.3|9=57|35=0|34=578|49=CLIENT|52=20251129-15:55:07.000|56=SERVER|10=221|
2025-11-29 07:55:37,490 : (Admin) R << 8=FIX.4.3|9=57|35=0|34=579|49=SERVER|52=20251129-15:55:37.000|56=CLIENT|10=225|
2025-11-29 07:55:37,491 : (Admin) S >> 8=FIX.4.3|9=57|35=0|34=579|49=CLIENT|52=20251129-15:55:37.000|56=SERVER|10=225|
2025-11-29 07:56:07,072 : (Admin) S >> 8=FIX.4.3|9=57|35=0|34=580|49=CLIENT|52=20251129-15:56:07.000|56=SERVER|10=215|
2025-11-29 07:56:07,074 : (Admin) R << 8=FIX.4.3|9=57|35=0|34=580|49=SERVER|52=20251129-15:56:07.000|56=CLIENT|10=215|
2025-11-29 07:56:37,103 : (Admin) R << 8=FIX.4.3|9=57|35=0|34=581|49=SERVER|52=20251129-15:56:37.000|56=CLIENT|10=219|
2025-11-29 07:56:37,104 : (Admin) S >> 8=FIX.4.3|9=57|35=0|34=581|49=CLIENT|52=20251129-15:56:37.000|56=SERVER|10=219|
2025-11-29 07:57:07,410 : (Admin) R << 8=FIX.4.3|9=57|35=0|34=582|49=SERVER|52=20251129-15:57:07.000|56=CLIENT|10=218|
2025-11-29 07:57:07,411 : (Admin) S >> 8=FIX.4.3|9=57|35=0|34=582|49=CLIENT|52=20251129-15:57:07.000|56=SERVER|10=218|
2025-11-29 07:57:37,698 : (Admin) R << 8=FIX.4.3|9=57|35=0|34=583|49=SERVER|52=20251129-15:57:37.000|56=CLIENT|10=222|
2025-11-29 07:57:37,699 : (Admin) S >> 8=FIX.4.3|9=57|35=0|34=583|49=CLIENT|52=20251129-15:57:37.000|56=SERVER|10=222|
2025-11-29 07:58:07,007 : (Admin) R << 8=FIX.4.3|9=57|35=0|34=584|49=SERVER|52=20251129-15:58:07.000|56=CLIENT|10=221|
2025-11-29 07:58:07,008 : (Admin) S >> 8=FIX.4.3|9=57|35=0|34=584|49=CLIENT|52=20251129-15:58:07.000|56=SERVER|10=221|
2025-11-29 07:58:37,322 : (Admin) R << 8=FIX.4.3|9=57|35=0|34=585|49=SERVER|52=20251129-15:58:37.000|56=CLIENT|10=225|
2025-11-29 07:58:37,323 : (Admin) S >> 8=FIX.4.3|9=57|35=0|34=585|49=CLIENT|52=20251129-15:58:37.000|56=SERVER|10=225|
2025-11-29 07:59:07,649 : (Admin) R << 8=FIX.4.3|9=57|35=0|34=586|49=SERVER|52=20251129-15:59:07.000|56=CLIENT|10=224|
2025-11-29 07:59:07,650 : (Admin) S >> 8=FIX.4.3|9=57|35=0|34=586|49=CLIENT|52=20251129-15:59:07.000|56=SERVER|10=224|
2025-11-29 07:59:37,168 : (Admin) S >> 8=FIX.4.3|9=57|35=0|34=587|49=CLIENT|52=20251129-15:59:37.000|56=SERVER|10=228|
2025-11-29 07:59:37,171 : (Admin) R << 8=FIX.4.3|9=57|35=0|34=587|49=SERVER|52=20251129-15:59:37.000|56=CLIENT|10=228|
2025-11-29 08:00:07,277 : (Admin) R << 8=FIX.4.3|9=57|35=0|34=588|49=SERVER|52=20251129-16:00:07.000|56=CLIENT|10=213|
2025-11-29 08:00:07,278 : (Admin) S >> 8=FIX.4.3|9=57|35=0|34=588|49=CLIENT|52=20251129-16:00:07.000|56=SERVER|10=213|
2025-11-29 08:00:37,570 : (Admin) R << 8=FIX.4.3|9=57|35=0|34=589|49=SERVER|52=20251129-16:00:37.000|56=CLIENT|10=217|
2025-11-29 08:00:37,571 : (Admin) S >> 8=FIX.4.3|9=57|35=0|34=589|49=CLIENT|52=20251129-16:00:37.000|56=SERVER|10=217|
2025-11-29 08:01:07,075 : (Admin) S >> 8=FIX.4.3|9=57|35=0|34=590|49=CLIENT|52=20251129-16:01:07.000|56=SERVER|10=207|
2025-11-29 08:01:07,078 : (Admin) R << 8=FIX.4.3|9=57|35=0|34=590|49=SERVER|52=20251129-16:01:07.000|56=CLIENT|10=207|
2025-11-29 08:01:37,194 : (Admin) R << 8=FIX.4.3|9=57|35=0|34=591|49=SERVER|52=20251129-16:01:37.000|56=CLIENT|10=211|
2025-11-29 08:01:37,195 : (Admin) S >> 8=FIX.4.3|9=57|35=0|34=591|49=CLIENT|52=20251129-16:01:37.000|56=SERVER|10=211|
2025-11-29 08:02:07,521 : (Admin) R << 8=FIX.4.3|9=57|35=0|34=592|49=SERVER|52=20251129-16:02:07.000|56=CLIENT|10=210|
2025-11-29 08:02:07,522 : (Admin) S >> 8=FIX.4.3|9=57|35=0|34=592|49=CLIENT|52=20251129-16:02:07.000|56=SERVER|10=210|
2025-11-29 08:02:37,028 : (Admin) S >> 8=FIX.4.3|9=57|35=0|34=593|49=CLIENT|52=20251129-16:02:37.000|56=SERVER|10=214|
2025-11-29 08:02:37,032 : (Admin) R << 8=FIX.4.3|9=57|35=0|34=593|49=SERVER|52=20251129-16:02:37.000|56=CLIENT|10=214|
2025-11-29 08:03:07,141 : (Admin) R << 8=FIX.4.3|9=57|35=0|34=594|49=SERVER|52=20251129-16:03:07.000|56=CLIENT|10=213|
2025-11-29 08:03:07,142 : (Admin) S >> 8=FIX.4.3|9=57|35=0|34=594|49=CLIENT|52=20251129-16:03:07.000|56=SERVER|10=213|
2025-11-29 08:03:37,450 : (Admin) R << 8=FIX.4.3|9=57|35=0|34=595|49=SERVER|52=20251129-16:03:37.000|56=CLIENT|10=217|
2025-11-29 08:03:37,451 : (Admin) S >> 8=FIX.4.3|9=57|35=0|34=595|49=CLIENT|52=20251129-16:03:37.000|56=SERVER|10=217|
2025-11-29 08:04:07,783 : (Admin) R << 8=FIX.4.3|9=57|35=0|34=596|49=SERVER|52=20251129-16:04:07.000|56=CLIENT|10=216|
2025-11-29 08:04:07,784 : (Admin) S >> 8=FIX.4.3|9=57|35=0|34=596|49=CLIENT|52=20251129-16:04:07.000|56=SERVER|10=216|
2025-11-29 08:04:37,071 : (Admin) R << 8=FIX.4.3|9=57|35=0|34=597|49=SERVER|52=20251129-16:04:37.000|56=CLIENT|10=220|
2025-11-29 08:04:37,071 : (Admin) S >> 8=FIX.4.3|9=57|35=0|34=597|49=CLIENT|52=20251129-16:04:37.000|56=SERVER|10=220|
2025-11-29 08:05:07,402 : (Admin) R << 8=FIX.4.3|9=57|35=0|34=598|49=SERVER|52=20251129-16:05:07.000|56=CLIENT|10=219|
2025-11-29 08:05:07,403 : (Admin) S >> 8=FIX.4.3|9=57|35=0|34=598|49=CLIENT|52=20251129-16:05:07.000|56=SERVER|10=219|
2025-11-29 08:05:37,704 : (Admin) R << 8=FIX.4.3|9=57|35=0|34=599|49=SERVER|52=20251129-16:05:37.000|56=CLIENT|10=223|
2025-11-29 08:05:37,705 : (Admin) S >> 8=FIX.4.3|9=57|35=0|34=599|49=CLIENT|52=20251129-16:05:37.000|56=SERVER|10=223|
2025-11-29 08:06:07,165 : (Admin) S >> 8=FIX.4.3|9=57|35=0|34=600|49=CLIENT|52=20251129-16:06:07.000|56=SERVER|10=204|
2025-11-29 08:06:07,168 : (Admin) R << 8=FIX.4.3|9=57|35=0|34=600|49=SERVER|52=20251129-16:06:07.000|56=CLIENT|10=204|
2025-11-29 08:06:37,330 : (Admin) R << 8=FIX.4.3|9=57|35=0|34=601|49=SERVER|52=20251129-16:06:37.000|56=CLIENT|10=208|
2025-11-29 08:06:37,331 : (Admin) S >> 8=FIX.4.3|9=57|35=0|34=601|49=CLIENT|52=20251129-16:06:37.000|56=SERVER|10=208|
2025-11-29 08:07:07,655 : (Admin) R << 8=FIX.4.3|9=57|35=0|34=602|49=SERVER|52=20251129-16:07:07.000|56=CLIENT|10=207|
2025-11-29 08:07:07,656 : (Admin) S >> 8=FIX.4.3|9=57|35=0|34=602|49=CLIENT|52=20251129-16:07:07.000|56=SERVER|10=207|
2025-11-29 08:07:37,154 : (Admin) S >> 8=FIX.4.3|9=57|35=0|34=603|49=CLIENT|52=20251129-16:07:37.000|56=SERVER|10=211|
2025-11-29 08:07:37,157 : (Admin) R << 8=FIX.4.3|9=57|35=0|34=603|49=SERVER|52=20251129-16:07:37.000|56=CLIENT|10=211|
2025-11-29 08:08:07,261 : (Admin) R << 8=FIX.4.3|9=57|35=0|34=604|49=SERVER|52=20251129-16:08:07.000|56=CLIENT|10=210|
2025-11-29 08:08:07,263 : (Admin) S >> 8=FIX.4.3|9=57|35=0|34=604|49=CLIENT|52=20251129-16:08:07.000|56=SERVER|10=210|
2025-11-29 08:08:37,592 : (Admin) R << 8=FIX.4.3|9=57|35=0|34=605|49=SERVER|52=20251129-16:08:37.000|56=CLIENT|10=214|
2025-11-29 08:08:37,592 : (Admin) S >> 8=FIX.4.3|9=57|35=0|34=605|49=CLIENT|52=20251129-16:08:37.000|56=SERVER|10=214|
2025-11-29 08:09:07,077 : (Admin) S >> 8=FIX.4.3|9=57|35=0|34=606|49=CLIENT|52=20251129-16:09:07.000|56=SERVER|10=213|
2025-11-29 08:09:07,080 : (Admin) R << 8=FIX.4.3|9=57|35=0|34=606|49=SERVER|52=20251129-16:09:07.000|56=CLIENT|10=213|
2025-11-29 08:09:37,244 : (Admin) R << 8=FIX.4.3|9=57|35=0|34=607|49=SERVER|52=20251129-16:09:37.000|56=CLIENT|10=217|
2025-11-29 08:09:37,245 : (Admin) S >> 8=FIX.4.3|9=57|35=0|34=607|49=CLIENT|52=20251129-16:09:37.000|56=SERVER|10=217|
2025-11-29 08:10:07,564 : (Admin) R << 8=FIX.4.3|9=57|35=0|34=608|49=SERVER|52=20251129-16:10:07.000|56=CLIENT|10=207|
2025-11-29 08:10:07,565 : (Admin) S >> 8=FIX.4.3|9=57|35=0|34=608|49=CLIENT|52=20251129-16:10:07.000|56=SERVER|10=207|
2025-11-29 08:10:37,011 : (Admin) S >> 8=FIX.4.3|9=57|35=0|34=609|49=CLIENT|52=20251129-16:10:37.000|56=SERVER|10=211|
2025-11-29 08:10:37,013 : (Admin) R << 8=FIX.4.3|9=57|35=0|34=609|49=SERVER|52=20251129-16:10:37.000|56=CLIENT|10=211|
2025-11-29 08:11:07,194 : (Admin) R << 8=FIX.4.3|9=57|35=0|34=610|49=SERVER|52=20251129-16:11:07.000|56=CLIENT|10=201|
2025-11-29 08:11:07,195 : (Admin) S >> 8=FIX.4.3|9=57|35=0|34=610|49=CLIENT|52=20251129-16:11:07.000|56=SERVER|10=201|
2025-11-29 08:11:37,522 : (Admin) R << 8=FIX.4.3|9=57|35=0|34=611|49=SERVER|52=20251129-16:11:37.000|56=CLIENT|10=205|
2025-11-29 08:11:37,523 : (Admin) S >> 8=FIX.4.3|9=57|35=0|34=611|49=CLIENT|52=20251129-16:11:37.000|56=SERVER|10=205|
2025-11-29 08:12:07,797 : (Admin) R << 8=FIX.4.3|9=57|35=0|34=612|49=SERVER|52=20251129-16:12:07.000|56=CLIENT|10=204|
2025-11-29 08:12:07,798 : (Admin) S >> 8=FIX.4.3|9=57|35=0|34=612|49=CLIENT|52=20251129-16:12:07.000|56=SERVER|10=204|
2025-11-29 08:12:37,117 : (Admin) R << 8=FIX.4.3|9=57|35=0|34=613|49=SERVER|52=20251129-16:12:37.000|56=CLIENT|10=208|
2025-11-29 08:12:37,117 : (Admin) S >> 8=FIX.4.3|9=57|35=0|34=613|49=CLIENT|52=20251129-16:12:37.000|56=SERVER|10=208|
2025-11-29 08:13:07,396 : (Admin) R << 8=FIX.4.3|9=57|35=0|34=614|49=SERVER|52=20251129-16:13:07.000|56=CLIENT|10=207|
2025-11-29 08:13:07,397 : (Admin) S >> 8=FIX.4.3|9=57|35=0|34=614|49=CLIENT|52=20251129-16:13:07.000|56=SERVER|10=207|
2025-11-29 08:13:37,745 : (Admin) R << 8=FIX.4.3|9=57|35=0|34=615|49=SERVER|52=20251129-16:13:37.000|56=CLIENT|10=211|
2025-11-29 08:13:37,747 : (Admin) S >> 8=FIX.4.3|9=57|35=0|34=615|49=CLIENT|52=20251129-16:13:37.000|56=SERVER|10=211|
2025-11-29 08:14:07,028 : (Admin) R << 8=FIX.4.3|9=57|35=0|34=616|49=SERVER|52=20251129-16:14:07.000|56=CLIENT|10=210|
2025-11-29 08:14:07,028 : (Admin) S >> 8=FIX.4.3|9=57|35=0|34=616|49=CLIENT|52=20251129-16:14:07.000|56=SERVER|10=210|
2025-11-29 08:14:37,351 : (Admin) R << 8=FIX.4.3|9=57|35=0|34=617|49=SERVER|52=20251129-16:14:37.000|56=CLIENT|10=214|
2025-11-29 08:14:37,352 : (Admin) S >> 8=FIX.4.3|9=57|35=0|34=617|49=CLIENT|52=20251129-16:14:37.000|56=SERVER|10=214|
2025-11-29 08:15:07,672 : (Admin) R << 8=FIX.4.3|9=57|35=0|34=618|49=SERVER|52=20251129-16:15:07.000|56=CLIENT|10=213|
2025-11-29 08:15:07,673 : (Admin) S >> 8=FIX.4.3|9=57|35=0|34=618|49=CLIENT|52=20251129-16:15:07.000|56=SERVER|10=213|
2025-11-29 08:15:37,138 : (Admin) S >> 8=FIX.4.3|9=57|35=0|34=619|49=CLIENT|52=20251129-16:15:37.000|56=SERVER|10=217|
2025-11-29 08:15:37,141 : (Admin) R << 8=FIX.4.3|9=57|35=0|34=619|49=SERVER|52=20251129-16:15:37.000|56=CLIENT|10=217|
2025-11-29 08:16:07,305 : (Admin) R << 8=FIX.4.3|9=57|35=0|34=620|49=SERVER|52=20251129-16:16:07.000|56=CLIENT|10=207|
2025-11-29 08:16:07,306 : (Admin) S >> 8=FIX.4.3|9=57|35=0|34=620|49=CLIENT|52=20251129-16:16:07.000|56=SERVER|10=207|
2025-11-29 08:16:37,618 : (Admin) R << 8=FIX.4.3|9=57|35=0|34=621|49=SERVER|52=20251129-16:16:37.000|56=CLIENT|10=211|
2025-11-29 08:16:37,619 : (Admin) S >> 8=FIX.4.3|9=57|35=0|34=621|49=CLIENT|52=20251129-16:16:37.000|56=SERVER|10=211|
2025-11-29 08:17:07,079 : (Admin) S >> 8=FIX.4.3|9=57|35=0|34=622|49=CLIENT|52=20251129-16:17:07.000|56=SERVER|10=210|
2025-11-29 08:17:07,081 : (Admin) R << 8=FIX.4.3|9=57|35=0|34=622|49=SERVER|52=20251129-16:17:07.000|56=CLIENT|10=210|
2025-11-29 08:17:37,268 : (Admin) R << 8=FIX.4.3|9=57|35=0|34=623|49=SERVER|52=20251129-16:17:37.000|56=CLIENT|10=214|
2025-11-29 08:17:37,269 : (Admin) S >> 8=FIX.4.3|9=57|35=0|34=623|49=CLIENT|52=20251129-16:17:37.000|56=SERVER|10=214|
2025-11-29 08:18:07,590 : (Admin) R << 8=FIX.4.3|9=57|35=0|34=624|49=SERVER|52=20251129-16:18:07.000|56=CLIENT|10=213|
2025-11-29 08:18:07,591 : (Admin) S >> 8=FIX.4.3|9=57|35=0|34=624|49=CLIENT|52=20251129-16:18:07.000|56=SERVER|10=213|
2025-11-29 08:18:37,902 : (Admin) R << 8=FIX.4.3|9=57|35=0|34=625|49=SERVER|52=20251129-16:18:37.000|56=CLIENT|10=217|
2025-11-29 08:18:37,903 : (Admin) S >> 8=FIX.4.3|9=57|35=0|34=625|49=CLIENT|52=20251129-16:18:37.000|56=SERVER|10=217|
2025-11-29 08:19:07,192 : (Admin) R << 8=FIX.4.3|9=57|35=0|34=626|49=SERVER|52=20251129-16:19:07.000|56=CLIENT|10=216|
2025-11-29 08:19:07,193 : (Admin) S >> 8=FIX.4.3|9=57|35=0|34=626|49=CLIENT|52=20251129-16:19:07.000|56=SERVER|10=216|
2025-11-29 08:19:37,495 : (Admin) R << 8=FIX.4.3|9=57|35=0|34=627|49=SERVER|52=20251129-16:19:37.000|56=CLIENT|10=220|
2025-11-29 08:19:37,496 : (Admin) S >> 8=FIX.4.3|9=57|35=0|34=627|49=CLIENT|52=20251129-16:19:37.000|56=SERVER|10=220|
2025-11-29 08:20:07,835 : (Admin) R << 8=FIX.4.3|9=57|35=0|34=628|49=SERVER|52=20251129-16:20:07.000|56=CLIENT|10=210|
2025-11-29 08:20:07,836 : (Admin) S >> 8=FIX.4.3|9=57|35=0|34=628|49=CLIENT|52=20251129-16:20:07.000|56=SERVER|10=210|
2025-11-29 08:20:37,129 : (Admin) R << 8=FIX.4.3|9=57|35=0|34=629|49=SERVER|52=20251129-16:20:37.000|56=CLIENT|10=214|
2025-11-29 08:20:37,130 : (Admin) S >> 8=FIX.4.3|9=57|35=0|34=629|49=CLIENT|52=20251129-16:20:37.000|56=SERVER|10=214|
2025-11-29 08:21:07,441 : (Admin) R << 8=FIX.4.3|9=57|35=0|34=630|49=SERVER|52=20251129-16:21:07.000|56=CLIENT|10=204|
2025-11-29 08:21:07,442 : (Admin) S >> 8=FIX.4.3|9=57|35=0|34=630|49=CLIENT|52=20251129-16:21:07.000|56=SERVER|10=204|
2025-11-29 08:21:37,769 : (Admin) R << 8=FIX.4.3|9=57|35=0|34=631|49=SERVER|52=20251129-16:21:37.000|56=CLIENT|10=208|
2025-11-29 08:21:37,770 : (Admin) S >> 8=FIX.4.3|9=57|35=0|34=631|49=CLIENT|52=20251129-16:21:37.000|56=SERVER|10=208|
2025-11-29 08:22:07,078 : (Admin) R << 8=FIX.4.3|9=57|35=0|34=632|49=SERVER|52=20251129-16:22:07.000|56=CLIENT|10=207|
2025-11-29 08:22:07,079 : (Admin) S >> 8=FIX.4.3|9=57|35=0|34=632|49=CLIENT|52=20251129-16:22:07.000|56=SERVER|10=207|
2025-11-29 08:22:37,344 : (Admin) R << 8=FIX.4.3|9=57|35=0|34=633|49=SERVER|52=20251129-16:22:37.000|56=CLIENT|10=211|
2025-11-29 08:22:37,345 : (Admin) S >> 8=FIX.4.3|9=57|35=0|34=633|49=CLIENT|52=20251129-16:22:37.000|56=SERVER|10=211|
2025-11-29 08:23:07,641 : (Admin) R << 8=FIX.4.3|9=57|35=0|34=634|49=SERVER|52=20251129-16:23:07.000|56=CLIENT|10=210|
2025-11-29 08:23:07,642 : (Admin) S >> 8=FIX.4.3|9=57|35=0|34=634|49=CLIENT|52=20251129-16:23:07.000|56=SERVER|10=210|
2025-11-29 08:23:37,043 : (Admin) S >> 8=FIX.4.3|9=57|35=0|34=635|49=CLIENT|52=20251129-16:23:37.000|56=SERVER|10=214|
2025-11-29 08:23:37,046 : (Admin) R << 8=FIX.4.3|9=57|35=0|34=635|49=SERVER|52=20251129-16:23:37.000|56=CLIENT|10=214|
2025-11-29 08:24:07,248 : (Admin) R << 8=FIX.4.3|9=57|35=0|34=636|49=SERVER|52=20251129-16:24:07.000|56=CLIENT|10=213|
2025-11-29 08:24:07,249 : (Admin) S >> 8=FIX.4.3|9=57|35=0|34=636|49=CLIENT|52=20251129-16:24:07.000|56=SERVER|10=213|
2025-11-29 08:24:37,570 : (Admin) R << 8=FIX.4.3|9=57|35=0|34=637|49=SERVER|52=20251129-16:24:37.000|56=CLIENT|10=217|
2025-11-29 08:24:37,571 : (Admin) S >> 8=FIX.4.3|9=57|35=0|34=637|49=CLIENT|52=20251129-16:24:37.000|56=SERVER|10=217|
2025-11-29 08:25:07,890 : (Admin) R << 8=FIX.4.3|9=57|35=0|34=638|49=SERVER|52=20251129-16:25:07.000|56=CLIENT|10=216|
2025-11-29 08:25:07,891 : (Admin) S >> 8=FIX.4.3|9=57|35=0|34=638|49=CLIENT|52=20251129-16:25:07.000|56=SERVER|10=216|
2025-11-29 08:25:37,206 : (Admin) R << 8=FIX.4.3|9=57|35=0|34=639|49=SERVER|52=20251129-16:25:37.000|56=CLIENT|10=220|
2025-11-29 08:25:37,206 : (Admin) S >> 8=FIX.4.3|9=57|35=0|34=639|49=CLIENT|52=20251129-16:25:37.000|56=SERVER|10=220|
2025-11-29 08:26:07,533 : (Admin) R << 8=FIX.4.3|9=57|35=0|34=640|49=SERVER|52=20251129-16:26:07.000|56=CLIENT|10=210|
2025-11-29 08:26:07,534 : (Admin) S >> 8=FIX.4.3|9=57|35=0|34=640|49=CLIENT|52=20251129-16:26:07.000|56=SERVER|10=210|
2025-11-29 08:26:37,872 : (Admin) R << 8=FIX.4.3|9=57|35=0|34=641|49=SERVER|52=20251129-16:26:37.000|56=CLIENT|10=214|
2025-11-29 08:26:37,873 : (Admin) S >> 8=FIX.4.3|9=57|35=0|34=641|49=CLIENT|52=20251129-16:26:37.000|56=SERVER|10=214|
2025-11-29 08:27:07,187 : (Admin) R << 8=FIX.4.3|9=57|35=0|34=642|49=SERVER|52=20251129-16:27:07.000|56=CLIENT|10=213|
2025-11-29 08:27:07,188 : (Admin) S >> 8=FIX.4.3|9=57|35=0|34=642|49=CLIENT|52=20251129-16:27:07.000|56=SERVER|10=213|
2025-11-29 08:27:37,502 : (Admin) R << 8=FIX.4.3|9=57|35=0|34=643|49=SERVER|52=20251129-16:27:37.000|56=CLIENT|10=217|
2025-11-29 08:27:37,503 : (Admin) S >> 8=FIX.4.3|9=57|35=0|34=643|49=CLIENT|52=20251129-16:27:37.000|56=SERVER|10=217|
2025-11-29 08:28:07,818 : (Admin) R << 8=FIX.4.3|9=57|35=0|34=644|49=SERVER|52=20251129-16:28:07.000|56=CLIENT|10=216|
2025-11-29 08:28:07,819 : (Admin) S >> 8=FIX.4.3|9=57|35=0|34=644|49=CLIENT|52=20251129-16:28:07.000|56=SERVER|10=216|
2025-11-29 08:28:37,111 : (Admin) R << 8=FIX.4.3|9=57|35=0|34=645|49=SERVER|52=20251129-16:28:37.000|56=CLIENT|10=220|
2025-11-29 08:28:37,112 : (Admin) S >> 8=FIX.4.3|9=57|35=0|34=645|49=CLIENT|52=20251129-16:28:37.000|56=SERVER|10=220|
2025-11-29 08:29:07,389 : (Admin) R << 8=FIX.4.3|9=57|35=0|34=646|49=SERVER|52=20251129-16:29:07.000|56=CLIENT|10=219|
2025-11-29 08:29:07,390 : (Admin) S >> 8=FIX.4.3|9=57|35=0|34=646|49=CLIENT|52=20251129-16:29:07.000|56=SERVER|10=219|
2025-11-29 08:29:37,698 : (Admin) R << 8=FIX.4.3|9=57|35=0|34=647|49=SERVER|52=20251129-16:29:37.000|56=CLIENT|10=223|
2025-11-29 08:29:37,698 : (Admin) S >> 8=FIX.4.3|9=57|35=0|34=647|49=CLIENT|52=20251129-16:29:37.000|56=SERVER|10=223|
2025-11-29 08:30:07,016 : (Admin) R << 8=FIX.4.3|9=57|35=0|34=648|49=SERVER|52=20251129-16:30:07.000|56=CLIENT|10=213|
2025-11-29 08:30:07,016 : (Admin) S >> 8=FIX.4.3|9=57|35=0|34=648|49=CLIENT|52=20251129-16:30:07.000|56=SERVER|10=213|
2025-11-29 08:30:37,331 : (Admin) R << 8=FIX.4.3|9=57|35=0|34=649|49=SERVER|52=20251129-16:30:37.000|56=CLIENT|10=217|
2025-11-29 08:30:37,332 : (Admin) S >> 8=FIX.4.3|9=57|35=0|34=649|49=CLIENT|52=20251129-16:30:37.000|56=SERVER|10=217|
2025-11-29 08:31:07,649 : (Admin) R << 8=FIX.4.3|9=57|35=0|34=650|49=SERVER|52=20251129-16:31:07.000|56=CLIENT|10=207|
2025-11-29 08:31:07,650 : (Admin) S >> 8=FIX.4.3|9=57|35=0|34=650|49=CLIENT|52=20251129-16:31:07.000|56=SERVER|10=207|
2025-11-29 08:31:37,089 : (Admin) S >> 8=FIX.4.3|9=57|35=0|34=651|49=CLIENT|52=20251129-16:31:37.000|56=SERVER|10=211|
2025-11-29 08:31:37,092 : (Admin) R << 8=FIX.4.3|9=57|35=0|34=651|49=SERVER|52=20251129-16:31:37.000|56=CLIENT|10=211|
2025-11-29 08:32:07,260 : (Admin) R << 8=FIX.4.3|9=57|35=0|34=652|49=SERVER|52=20251129-16:32:07.000|56=CLIENT|10=210|
2025-11-29 08:32:07,262 : (Admin) S >> 8=FIX.4.3|9=57|35=0|34=652|49=CLIENT|52=20251129-16:32:07.000|56=SERVER|10=210|
2025-11-29 08:32:37,597 : (Admin) R << 8=FIX.4.3|9=57|35=0|34=653|49=SERVER|52=20251129-16:32:37.000|56=CLIENT|10=214|
2025-11-29 08:32:37,598 : (Admin) S >> 8=FIX.4.3|9=57|35=0|34=653|49=CLIENT|52=20251129-16:32:37.000|56=SERVER|10=214|
2025-11-29 08:33:07,061 : (Admin) S >> 8=FIX.4.3|9=57|35=0|34=654|49=CLIENT|52=20251129-16:33:07.000|56=SERVER|10=213|
2025-11-29 08:33:07,065 : (Admin) R << 8=FIX.4.3|9=57|35=0|34=654|49=SERVER|52=20251129-16:33:07.000|56=CLIENT|10=213|
2025-11-29 08:33:37,246 : (Admin) R << 8=FIX.4.3|9=57|35=0|34=655|49=SERVER|52=20251129-16:33:37.000|56=CLIENT|10=217|
2025-11-29 08:33:37,247 : (Admin) S >> 8=FIX.4.3|9=57|35=0|34=655|49=CLIENT|52=20251129-16:33:37.000|56=SERVER|10=217|
2025-11-29 08:34:07,525 : (Admin) R << 8=FIX.4.3|9=57|35=0|34=656|49=SERVER|52=20251129-16:34:07.000|56=CLIENT|10=216|
2025-11-29 08:34:07,526 : (Admin) S >> 8=FIX.4.3|9=57|35=0|34=656|49=CLIENT|52=20251129-16:34:07.000|56=SERVER|10=216|
2025-11-29 08:34:37,815 : (Admin) R << 8=FIX.4.3|9=57|35=0|34=657|49=SERVER|52=20251129-16:34:37.000|56=CLIENT|10=220|
2025-11-29 08:34:37,816 : (Admin) S >> 8=FIX.4.3|9=57|35=0|34=657|49=CLIENT|52=20251129-16:34:37.000|56=SERVER|10=220|
2025-11-29 08:35:07,044 : (Admin) R << 8=FIX.4.3|9=57|35=0|34=658|49=SERVER|52=20251129-16:35:07.000|56=CLIENT|10=219|
2025-11-29 08:35:07,045 : (Admin) S >> 8=FIX.4.3|9=57|35=0|34=658|49=CLIENT|52=20251129-16:35:07.000|56=SERVER|10=219|
2025-11-29 08:35:37,323 : (Admin) R << 8=FIX.4.3|9=57|35=0|34=659|49=SERVER|52=20251129-16:35:37.000|56=CLIENT|10=223|
2025-11-29 08:35:37,324 : (Admin) S >> 8=FIX.4.3|9=57|35=0|34=659|49=CLIENT|52=20251129-16:35:37.000|56=SERVER|10=223|
2025-11-29 08:36:07,586 : (Admin) R << 8=FIX.4.3|9=57|35=0|34=660|49=SERVER|52=20251129-16:36:07.000|56=CLIENT|10=213|
2025-11-29 08:36:07,587 : (Admin) S >> 8=FIX.4.3|9=57|35=0|34=660|49=CLIENT|52=20251129-16:36:07.000|56=SERVER|10=213|
2025-11-29 08:36:37,762 : (Admin) R << 8=FIX.4.3|9=57|35=0|34=661|49=SERVER|52=20251129-16:36:37.000|56=CLIENT|10=217|
2025-11-29 08:36:37,763 : (Admin) S >> 8=FIX.4.3|9=57|35=0|34=661|49=CLIENT|52=20251129-16:36:37.000|56=SERVER|10=217|
2025-11-29 08:37:07,030 : (Admin) R << 8=FIX.4.3|9=57|35=0|34=662|49=SERVER|52=20251129-16:37:07.000|56=CLIENT|10=216|
2025-11-29 08:37:07,030 : (Admin) S >> 8=FIX.4.3|9=57|35=0|34=662|49=CLIENT|52=20251129-16:37:07.000|56=SERVER|10=216|
2025-11-29 08:37:37,309 : (Admin) R << 8=FIX.4.3|9=57|35=0|34=663|49=SERVER|52=20251129-16:37:37.000|56=CLIENT|10=220|
2025-11-29 08:37:37,310 : (Admin) S >> 8=FIX.4.3|9=57|35=0|34=663|49=CLIENT|52=20251129-16:37:37.000|56=SERVER|10=220|
2025-11-29 08:38:07,567 : (Admin) R << 8=FIX.4.3|9=57|35=0|34=664|49=SERVER|52=20251129-16:38:07.000|56=CLIENT|10=219|
2025-11-29 08:38:07,568 : (Admin) S >> 8=FIX.4.3|9=57|35=0|34=664|49=CLIENT|52=20251129-16:38:07.000|56=SERVER|10=219|
2025-11-29 08:38:37,839 : (Admin) R << 8=FIX.4.3|9=57|35=0|34=665|49=SERVER|52=20251129-16:38:37.000|56=CLIENT|10=223|
2025-11-29 08:38:37,840 : (Admin) S >> 8=FIX.4.3|9=57|35=0|34=665|49=CLIENT|52=20251129-16:38:37.000|56=SERVER|10=223|
2025-11-29 08:39:07,102 : (Admin) R << 8=FIX.4.3|9=57|35=0|34=666|49=SERVER|52=20251129-16:39:07.000|56=CLIENT|10=222|
2025-11-29 08:39:07,103 : (Admin) S >> 8=FIX.4.3|9=57|35=0|34=666|49=CLIENT|52=20251129-16:39:07.000|56=SERVER|10=222|
2025-11-29 08:39:37,342 : (Admin) R << 8=FIX.4.3|9=57|35=0|34=667|49=SERVER|52=20251129-16:39:37.000|56=CLIENT|10=226|
2025-11-29 08:39:37,343 : (Admin) S >> 8=FIX.4.3|9=57|35=0|34=667|49=CLIENT|52=20251129-16:39:37.000|56=SERVER|10=226|
2025-11-29 08:40:07,634 : (Admin) R << 8=FIX.4.3|9=57|35=0|34=668|49=SERVER|52=20251129-16:40:07.000|56=CLIENT|10=216|
2025-11-29 08:40:07,635 : (Admin) S >> 8=FIX.4.3|9=57|35=0|34=668|49=CLIENT|52=20251129-16:40:07.000|56=SERVER|10=216|
2025-11-29 08:40:37,058 : (Admin) S >> 8=FIX.4.3|9=57|35=0|34=669|49=CLIENT|52=20251129-16:40:37.000|56=SERVER|10=220|
2025-11-29 08:40:37,062 : (Admin) R << 8=FIX.4.3|9=57|35=0|34=669|49=SERVER|52=20251129-16:40:37.000|56=CLIENT|10=220|
2025-11-29 08:41:07,168 : (Admin) R << 8=FIX.4.3|9=57|35=0|34=670|49=SERVER|52=20251129-16:41:07.000|56=CLIENT|10=210|
2025-11-29 08:41:07,169 : (Admin) S >> 8=FIX.4.3|9=57|35=0|34=670|49=CLIENT|52=20251129-16:41:07.000|56=SERVER|10=210|
2025-11-29 08:41:37,395 : (Admin) R << 8=FIX.4.3|9=57|35=0|34=671|49=SERVER|52=20251129-16:41:37.000|56=CLIENT|10=214|
2025-11-29 08:41:37,395 : (Admin) S >> 8=FIX.4.3|9=57|35=0|34=671|49=CLIENT|52=20251129-16:41:37.000|56=SERVER|10=214|
2025-11-29 08:42:07,682 : (Admin) R << 8=FIX.4.3|9=57|35=0|34=672|49=SERVER|52=20251129-16:42:07.000|56=CLIENT|10=213|
2025-11-29 08:42:07,683 : (Admin) S >> 8=FIX.4.3|9=57|35=0|34=672|49=CLIENT|52=20251129-16:42:07.000|56=SERVER|10=213|
2025-11-29 08:42:37,033 : (Admin) S >> 8=FIX.4.3|9=57|35=0|34=673|49=CLIENT|52=20251129-16:42:37.000|56=SERVER|10=217|
2025-11-29 08:42:37,037 : (Admin) R << 8=FIX.4.3|9=57|35=0|34=673|49=SERVER|52=20251129-16:42:37.000|56=CLIENT|10=217|
2025-11-29 08:43:07,242 : (Admin) R << 8=FIX.4.3|9=57|35=0|34=674|49=SERVER|52=20251129-16:43:07.000|56=CLIENT|10=216|
2025-11-29 08:43:07,242 : (Admin) S >> 8=FIX.4.3|9=57|35=0|34=674|49=CLIENT|52=20251129-16:43:07.000|56=SERVER|10=216|
2025-11-29 08:43:37,481 : (Admin) R << 8=FIX.4.3|9=57|35=0|34=675|49=SERVER|52=20251129-16:43:37.000|56=CLIENT|10=220|
2025-11-29 08:43:37,481 : (Admin) S >> 8=FIX.4.3|9=57|35=0|34=675|49=CLIENT|52=20251129-16:43:37.000|56=SERVER|10=220|
2025-11-29 08:44:07,769 : (Admin) R << 8=FIX.4.3|9=57|35=0|34=676|49=SERVER|52=20251129-16:44:07.000|56=CLIENT|10=219|
2025-11-29 08:44:07,770 : (Admin) S >> 8=FIX.4.3|9=57|35=0|34=676|49=CLIENT|52=20251129-16:44:07.000|56=SERVER|10=219|
2025-11-29 08:44:37,015 : (Admin) R << 8=FIX.4.3|9=57|35=0|34=677|49=SERVER|52=20251129-16:44:37.000|56=CLIENT|10=223|
2025-11-29 08:44:37,016 : (Admin) S >> 8=FIX.4.3|9=57|35=0|34=677|49=CLIENT|52=20251129-16:44:37.000|56=SERVER|10=223|
2025-11-29 08:45:07,301 : (Admin) R << 8=FIX.4.3|9=57|35=0|34=678|49=SERVER|52=20251129-16:45:07.000|56=CLIENT|10=222|
2025-11-29 08:45:07,302 : (Admin) S >> 8=FIX.4.3|9=57|35=0|34=678|49=CLIENT|52=20251129-16:45:07.000|56=SERVER|10=222|
2025-11-29 08:45:37,526 : (Admin) R << 8=FIX.4.3|9=57|35=0|34=679|49=SERVER|52=20251129-16:45:37.000|56=CLIENT|10=226|
2025-11-29 08:45:37,526 : (Admin) S >> 8=FIX.4.3|9=57|35=0|34=679|49=CLIENT|52=20251129-16:45:37.000|56=SERVER|10=226|
2025-11-29 08:46:07,815 : (Admin) R << 8=FIX.4.3|9=57|35=0|34=680|49=SERVER|52=20251129-16:46:07.000|56=CLIENT|10=216|
2025-11-29 08:46:07,816 : (Admin) S >> 8=FIX.4.3|9=57|35=0|34=680|49=CLIENT|52=20251129-16:46:07.000|56=SERVER|10=216|
2025-11-29 08:46:37,090 : (Admin) R << 8=FIX.4.3|9=57|35=0|34=681|49=SERVER|52=20251129-16:46:37.000|56=CLIENT|10=220|
2025-11-29 08:46:37,091 : (Admin) S >> 8=FIX.4.3|9=57|35=0|34=681|49=CLIENT|52=20251129-16:46:37.000|56=SERVER|10=220|
2025-11-29 08:47:07,353 : (Admin) R << 8=FIX.4.3|9=57|35=0|34=682|49=SERVER|52=20251129-16:47:07.000|56=CLIENT|10=219|
2025-11-29 08:47:07,353 : (Admin) S >> 8=FIX.4.3|9=57|35=0|34=682|49=CLIENT|52=20251129-16:47:07.000|56=SERVER|10=219|
2025-11-29 08:47:37,574 : (Admin) R << 8=FIX.4.3|9=57|35=0|34=683|49=SERVER|52=20251129-16:47:37.000|56=CLIENT|10=223|
2025-11-29 08:47:37,576 : (Admin) S >> 8=FIX.4.3|9=57|35=0|34=683|49=CLIENT|52=20251129-16:47:37.000|56=SERVER|10=223|
2025-11-29 08:48:07,040 : (Admin) S >> 8=FIX.4.3|9=57|35=0|34=684|49=CLIENT|52=20251129-16:48:07.000|56=SERVER|10=222|
2025-11-29 08:48:07,045 : (Admin) R << 8=FIX.4.3|9=57|35=0|34=684|49=SERVER|52=20251129-16:48:07.000|56=CLIENT|10=222|
2025-11-29 08:48:37,145 : (Admin) R << 8=FIX.4.3|9=57|35=0|34=685|49=SERVER|52=20251129-16:48:37.000|56=CLIENT|10=226|
2025-11-29 08:48:37,145 : (Admin) S >> 8=FIX.4.3|9=57|35=0|34=685|49=CLIENT|52=20251129-16:48:37.000|56=SERVER|10=226|
2025-11-29 08:49:07,416 : (Admin) R << 8=FIX.4.3|9=57|35=0|34=686|49=SERVER|52=20251129-16:49:07.000|56=CLIENT|10=225|
2025-11-29 08:49:07,417 : (Admin) S >> 8=FIX.4.3|9=57|35=0|34=686|49=CLIENT|52=20251129-16:49:07.000|56=SERVER|10=225|
2025-11-29 08:49:37,724 : (Admin) R << 8=FIX.4.3|9=57|35=0|34=687|49=SERVER|52=20251129-16:49:37.000|56=CLIENT|10=229|
2025-11-29 08:49:37,725 : (Admin) S >> 8=FIX.4.3|9=57|35=0|34=687|49=CLIENT|52=20251129-16:49:37.000|56=SERVER|10=229|
2025-11-29 08:50:07,140 : (Admin) S >> 8=FIX.4.3|9=57|35=0|34=688|49=CLIENT|52=20251129-16:50:07.000|56=SERVER|10=219|
2025-11-29 08:50:07,143 : (Admin) R << 8=FIX.4.3|9=57|35=0|34=688|49=SERVER|52=20251129-16:50:07.000|56=CLIENT|10=219|
2025-11-29 08:50:37,185 : (Admin) R << 8=FIX.4.3|9=57|35=0|34=689|49=SERVER|52=20251129-16:50:37.000|56=CLIENT|10=223|
2025-11-29 08:50:37,186 : (Admin) S >> 8=FIX.4.3|9=57|35=0|34=689|49=CLIENT|52=20251129-16:50:37.000|56=SERVER|10=223|
2025-11-29 08:51:07,443 : (Admin) R << 8=FIX.4.3|9=57|35=0|34=690|49=SERVER|52=20251129-16:51:07.000|56=CLIENT|10=213|
2025-11-29 08:51:07,444 : (Admin) S >> 8=FIX.4.3|9=57|35=0|34=690|49=CLIENT|52=20251129-16:51:07.000|56=SERVER|10=213|
2025-11-29 08:51:37,674 : (Admin) R << 8=FIX.4.3|9=57|35=0|34=691|49=SERVER|52=20251129-16:51:37.000|56=CLIENT|10=217|
2025-11-29 08:51:37,674 : (Admin) S >> 8=FIX.4.3|9=57|35=0|34=691|49=CLIENT|52=20251129-16:51:37.000|56=SERVER|10=217|
2025-11-29 08:52:07,104 : (Admin) S >> 8=FIX.4.3|9=57|35=0|34=692|49=CLIENT|52=20251129-16:52:07.000|56=SERVER|10=216|
2025-11-29 08:52:07,108 : (Admin) R << 8=FIX.4.3|9=57|35=0|34=692|49=SERVER|52=20251129-16:52:07.000|56=CLIENT|10=216|
2025-11-29 08:52:37,250 : (Admin) R << 8=FIX.4.3|9=57|35=0|34=693|49=SERVER|52=20251129-16:52:37.000|56=CLIENT|10=220|
2025-11-29 08:52:37,251 : (Admin) S >> 8=FIX.4.3|9=57|35=0|34=693|49=CLIENT|52=20251129-16:52:37.000|56=SERVER|10=220|
2025-11-29 08:53:07,513 : (Admin) R << 8=FIX.4.3|9=57|35=0|34=694|49=SERVER|52=20251129-16:53:07.000|56=CLIENT|10=219|
2025-11-29 08:53:07,514 : (Admin) S >> 8=FIX.4.3|9=57|35=0|34=694|49=CLIENT|52=20251129-16:53:07.000|56=SERVER|10=219|
2025-11-29 08:53:37,825 : (Admin) R << 8=FIX.4.3|9=57|35=0|34=695|49=SERVER|52=20251129-16:53:37.000|56=CLIENT|10=223|
2025-11-29 08:53:37,826 : (Admin) S >> 8=FIX.4.3|9=57|35=0|34=695|49=CLIENT|52=20251129-16:53:37.000|56=SERVER|10=223|
2025-11-29 08:54:07,074 : (Admin) R << 8=FIX.4.3|9=57|35=0|34=696|49=SERVER|52=20251129-16:54:07.000|56=CLIENT|10=222|
2025-11-29 08:54:07,075 : (Admin) S >> 8=FIX.4.3|9=57|35=0|34=696|49=CLIENT|52=20251129-16:54:07.000|56=SERVER|10=222|
2025-11-29 08:54:37,343 : (Admin) R << 8=FIX.4.3|9=57|35=0|34=697|49=SERVER|52=20251129-16:54:37.000|56=CLIENT|10=226|
2025-11-29 08:54:37,344 : (Admin) S >> 8=FIX.4.3|9=57|35=0|34=697|49=CLIENT|52=20251129-16:54:37.000|56=SERVER|10=226|
2025-11-29 08:55:07,654 : (Admin) R << 8=FIX.4.3|9=57|35=0|34=698|49=SERVER|52=20251129-16:55:07.000|56=CLIENT|10=225|
2025-11-29 08:55:07,656 : (Admin) S >> 8=FIX.4.3|9=57|35=0|34=698|49=CLIENT|52=20251129-16:55:07.000|56=SERVER|10=225|
2025-11-29 08:55:37,912 : (Admin) R << 8=FIX.4.3|9=57|35=0|34=699|49=SERVER|52=20251129-16:55:37.000|56=CLIENT|10=229|
2025-11-29 08:55:37,913 : (Admin) S >> 8=FIX.4.3|9=57|35=0|34=699|49=CLIENT|52=20251129-16:55:37.000|56=SERVER|10=229|
2025-11-29 08:56:07,168 : (Admin) R << 8=FIX.4.3|9=57|35=0|34=700|49=SERVER|52=20251129-16:56:07.000|56=CLIENT|10=210|
2025-11-29 08:56:07,169 : (Admin) S >> 8=FIX.4.3|9=57|35=0|34=700|49=CLIENT|52=20251129-16:56:07.000|56=SERVER|10=210|
2025-11-29 08:56:37,455 : (Admin) R << 8=FIX.4.3|9=57|35=0|34=701|49=SERVER|52=20251129-16:56:37.000|56=CLIENT|10=214|
2025-11-29 08:56:37,455 : (Admin) S >> 8=FIX.4.3|9=57|35=0|34=701|49=CLIENT|52=20251129-16:56:37.000|56=SERVER|10=214|
2025-11-29 08:57:07,682 : (Admin) R << 8=FIX.4.3|9=57|35=0|34=702|49=SERVER|52=20251129-16:57:07.000|56=CLIENT|10=213|
2025-11-29 08:57:07,683 : (Admin) S >> 8=FIX.4.3|9=57|35=0|34=702|49=CLIENT|52=20251129-16:57:07.000|56=SERVER|10=213|
2025-11-29 08:57:37,037 : (Admin) S >> 8=FIX.4.3|9=57|35=0|34=703|49=CLIENT|52=20251129-16:57:37.000|56=SERVER|10=217|
2025-11-29 08:57:37,041 : (Admin) R << 8=FIX.4.3|9=57|35=0|34=703|49=SERVER|52=20251129-16:57:37.000|56=CLIENT|10=217|
2025-11-29 08:58:07,210 : (Admin) R << 8=FIX.4.3|9=57|35=0|34=704|49=SERVER|52=20251129-16:58:07.000|56=CLIENT|10=216|
2025-11-29 08:58:07,211 : (Admin) S >> 8=FIX.4.3|9=57|35=0|34=704|49=CLIENT|52=20251129-16:58:07.000|56=SERVER|10=216|
2025-11-29 08:58:37,456 : (Admin) R << 8=FIX.4.3|9=57|35=0|34=705|49=SERVER|52=20251129-16:58:37.000|56=CLIENT|10=220|
2025-11-29 08:58:37,457 : (Admin) S >> 8=FIX.4.3|9=57|35=0|34=705|49=CLIENT|52=20251129-16:58:37.000|56=SERVER|10=220|
2025-11-29 08:59:07,687 : (Admin) R << 8=FIX.4.3|9=57|35=0|34=706|49=SERVER|52=20251129-16:59:07.000|56=CLIENT|10=219|
2025-11-29 08:59:07,688 : (Admin) S >> 8=FIX.4.3|9=57|35=0|34=706|49=CLIENT|52=20251129-16:59:07.000|56=SERVER|10=219|
2025-11-29 08:59:37,028 : (Admin) R << 8=FIX.4.3|9=57|35=0|34=707|49=SERVER|52=20251129-16:59:37.000|56=CLIENT|10=223|
2025-11-29 08:59:37,029 : (Admin) S >> 8=FIX.4.3|9=57|35=0|34=707|49=CLIENT|52=20251129-16:59:37.000|56=SERVER|10=223|
2025-11-29 09:00:07,259 : (Admin) R << 8=FIX.4.3|9=57|35=0|34=708|49=SERVER|52=20251129-17:00:07.000|56=CLIENT|10=208|
2025-11-29 09:00:07,260 : (Admin) S >> 8=FIX.4.3|9=57|35=0|34=708|49=CLIENT|52=20251129-17:00:07.000|56=SERVER|10=208|
2025-11-29 09:00:37,483 : (Admin) R << 8=FIX.4.3|9=57|35=0|34=709|49=SERVER|52=20251129-17:00:37.000|56=CLIENT|10=212|
2025-11-29 09:00:37,484 : (Admin) S >> 8=FIX.4.3|9=57|35=0|34=709|49=CLIENT|52=20251129-17:00:37.000|56=SERVER|10=212|
2025-11-29 09:01:07,715 : (Admin) R << 8=FIX.4.3|9=57|35=0|34=710|49=SERVER|52=20251129-17:01:07.000|56=CLIENT|10=202|
2025-11-29 09:01:07,716 : (Admin) S >> 8=FIX.4.3|9=57|35=0|34=710|49=CLIENT|52=20251129-17:01:07.000|56=SERVER|10=202|
2025-11-29 09:01:37,917 : (Admin) R << 8=FIX.4.3|9=57|35=0|34=711|49=SERVER|52=20251129-17:01:37.000|56=CLIENT|10=206|
2025-11-29 09:01:37,919 : (Admin) S >> 8=FIX.4.3|9=57|35=0|34=711|49=CLIENT|52=20251129-17:01:37.000|56=SERVER|10=206|
2025-11-29 09:02:07,193 : (Admin) R << 8=FIX.4.3|9=57|35=0|34=712|49=SERVER|52=20251129-17:02:07.000|56=CLIENT|10=205|
2025-11-29 09:02:07,194 : (Admin) S >> 8=FIX.4.3|9=57|35=0|34=712|49=CLIENT|52=20251129-17:02:07.000|56=SERVER|10=205|
2025-11-29 09:02:37,485 : (Admin) R << 8=FIX.4.3|9=57|35=0|34=713|49=SERVER|52=20251129-17:02:37.000|56=CLIENT|10=209|
2025-11-29 09:02:37,486 : (Admin) S >> 8=FIX.4.3|9=57|35=0|34=713|49=CLIENT|52=20251129-17:02:37.000|56=SERVER|10=209|
2025-11-29 09:03:07,755 : (Admin) R << 8=FIX.4.3|9=57|35=0|34=714|49=SERVER|52=20251129-17:03:07.000|56=CLIENT|10=208|
2025-11-29 09:03:07,756 : (Admin) S >> 8=FIX.4.3|9=57|35=0|34=714|49=CLIENT|52=20251129-17:03:07.000|56=SERVER|10=208|
2025-11-29 09:03:37,002 : (Admin) R << 8=FIX.4.3|9=57|35=0|34=715|49=SERVER|52=20251129-17:03:37.000|56=CLIENT|10=212|
2025-11-29 09:03:37,003 : (Admin) S >> 8=FIX.4.3|9=57|35=0|34=715|49=CLIENT|52=20251129-17:03:37.000|56=SERVER|10=212|
2025-11-29 09:04:07,318 : (Admin) R << 8=FIX.4.3|9=57|35=0|34=716|49=SERVER|52=20251129-17:04:07.000|56=CLIENT|10=211|
2025-11-29 09:04:07,319 : (Admin) S >> 8=FIX.4.3|9=57|35=0|34=716|49=CLIENT|52=20251129-17:04:07.000|56=SERVER|10=211|
2025-11-29 09:04:37,553 : (Admin) R << 8=FIX.4.3|9=57|35=0|34=717|49=SERVER|52=20251129-17:04:37.000|56=CLIENT|10=215|
2025-11-29 09:04:37,555 : (Admin) S >> 8=FIX.4.3|9=57|35=0|34=717|49=CLIENT|52=20251129-17:04:37.000|56=SERVER|10=215|
2025-11-29 09:05:07,825 : (Admin) R << 8=FIX.4.3|9=57|35=0|34=718|49=SERVER|52=20251129-17:05:07.000|56=CLIENT|10=214|
2025-11-29 09:05:07,826 : (Admin) S >> 8=FIX.4.3|9=57|35=0|34=718|49=CLIENT|52=20251129-17:05:07.000|56=SERVER|10=214|
2025-11-29 09:05:37,064 : (Admin) R << 8=FIX.4.3|9=57|35=0|34=719|49=SERVER|52=20251129-17:05:37.000|56=CLIENT|10=218|
2025-11-29 09:05:37,065 : (Admin) S >> 8=FIX.4.3|9=57|35=0|34=719|49=CLIENT|52=20251129-17:05:37.000|56=SERVER|10=218|
2025-11-29 09:06:07,296 : (Admin) R << 8=FIX.4.3|9=57|35=0|34=720|49=SERVER|52=20251129-17:06:07.000|56=CLIENT|10=208|
2025-11-29 09:06:07,297 : (Admin) S >> 8=FIX.4.3|9=57|35=0|34=720|49=CLIENT|52=20251129-17:06:07.000|56=SERVER|10=208|
2025-11-29 09:06:37,543 : (Admin) R << 8=FIX.4.3|9=57|35=0|34=721|49=SERVER|52=20251129-17:06:37.000|56=CLIENT|10=212|
2025-11-29 09:06:37,544 : (Admin) S >> 8=FIX.4.3|9=57|35=0|34=721|49=CLIENT|52=20251129-17:06:37.000|56=SERVER|10=212|
2025-11-29 09:07:07,762 : (Admin) R << 8=FIX.4.3|9=57|35=0|34=722|49=SERVER|52=20251129-17:07:07.000|56=CLIENT|10=211|
2025-11-29 09:07:07,763 : (Admin) S >> 8=FIX.4.3|9=57|35=0|34=722|49=CLIENT|52=20251129-17:07:07.000|56=SERVER|10=211|
2025-11-29 09:07:37,073 : (Admin) R << 8=FIX.4.3|9=57|35=0|34=723|49=SERVER|52=20251129-17:07:37.000|56=CLIENT|10=215|
2025-11-29 09:07:37,074 : (Admin) S >> 8=FIX.4.3|9=57|35=0|34=723|49=CLIENT|52=20251129-17:07:37.000|56=SERVER|10=215|
2025-11-29 09:08:07,340 : (Admin) R << 8=FIX.4.3|9=57|35=0|34=724|49=SERVER|52=20251129-17:08:07.000|56=CLIENT|10=214|
2025-11-29 09:08:07,341 : (Admin) S >> 8=FIX.4.3|9=57|35=0|34=724|49=CLIENT|52=20251129-17:08:07.000|56=SERVER|10=214|
2025-11-29 09:08:37,620 : (Admin) R << 8=FIX.4.3|9=57|35=0|34=725|49=SERVER|52=20251129-17:08:37.000|56=CLIENT|10=218|
2025-11-29 09:08:37,621 : (Admin) S >> 8=FIX.4.3|9=57|35=0|34=725|49=CLIENT|52=20251129-17:08:37.000|56=SERVER|10=218|
2025-11-29 09:09:07,857 : (Admin) R << 8=FIX.4.3|9=57|35=0|34=726|49=SERVER|52=20251129-17:09:07.000|56=CLIENT|10=217|
2025-11-29 09:09:07,858 : (Admin) S >> 8=FIX.4.3|9=57|35=0|34=726|49=CLIENT|52=20251129-17:09:07.000|56=SERVER|10=217|
2025-11-29 09:09:37,052 : (Admin) S >> 8=FIX.4.3|9=57|35=0|34=727|49=CLIENT|52=20251129-17:09:37.000|56=SERVER|10=221|
2025-11-29 09:09:37,054 : (Admin) R << 8=FIX.4.3|9=57|35=0|34=727|49=SERVER|52=20251129-17:09:37.000|56=CLIENT|10=221|
2025-11-29 09:10:07,335 : (Admin) S >> 8=FIX.4.3|9=57|35=0|34=728|49=CLIENT|52=20251129-17:10:07.000|56=SERVER|10=211|
2025-11-29 09:10:07,337 : (Admin) R << 8=FIX.4.3|9=57|35=0|34=728|49=SERVER|52=20251129-17:10:07.000|56=CLIENT|10=211|
2025-11-29 09:10:37,556 : (Admin) S >> 8=FIX.4.3|9=57|35=0|34=729|49=CLIENT|52=20251129-17:10:37.000|56=SERVER|10=215|
2025-11-29 09:10:37,557 : (Admin) R << 8=FIX.4.3|9=57|35=0|34=729|49=SERVER|52=20251129-17:10:37.000|56=CLIENT|10=215|
2025-11-29 09:11:07,838 : (Admin) S >> 8=FIX.4.3|9=57|35=0|34=730|49=CLIENT|52=20251129-17:11:07.000|56=SERVER|10=205|
2025-11-29 09:11:07,839 : (Admin) R << 8=FIX.4.3|9=57|35=0|34=730|49=SERVER|52=20251129-17:11:07.000|56=CLIENT|10=205|
2025-11-29 09:11:37,078 : (Admin) S >> 8=FIX.4.3|9=57|35=0|34=731|49=CLIENT|52=20251129-17:11:37.000|56=SERVER|10=209|
2025-11-29 09:11:37,082 : (Admin) R << 8=FIX.4.3|9=57|35=0|34=731|49=SERVER|52=20251129-17:11:37.000|56=CLIENT|10=209|
2025-11-29 09:12:07,325 : (Admin) S >> 8=FIX.4.3|9=57|35=0|34=732|49=CLIENT|52=20251129-17:12:07.000|56=SERVER|10=208|
2025-11-29 09:12:07,327 : (Admin) R << 8=FIX.4.3|9=57|35=0|34=732|49=SERVER|52=20251129-17:12:07.000|56=CLIENT|10=208|
2025-11-29 09:12:37,612 : (Admin) S >> 8=FIX.4.3|9=57|35=0|34=733|49=CLIENT|52=20251129-17:12:37.000|56=SERVER|10=212|
2025-11-29 09:12:37,613 : (Admin) R << 8=FIX.4.3|9=57|35=0|34=733|49=SERVER|52=20251129-17:12:37.000|56=CLIENT|10=212|
2025-11-29 09:13:07,871 : (Admin) S >> 8=FIX.4.3|9=57|35=0|34=734|49=CLIENT|52=20251129-17:13:07.000|56=SERVER|10=211|
2025-11-29 09:13:07,872 : (Admin) R << 8=FIX.4.3|9=57|35=0|34=734|49=SERVER|52=20251129-17:13:07.000|56=CLIENT|10=211|
2025-11-29 09:13:37,118 : (Admin) S >> 8=FIX.4.3|9=57|35=0|34=735|49=CLIENT|52=20251129-17:13:37.000|56=SERVER|10=215|
2025-11-29 09:13:37,119 : (Admin) R << 8=FIX.4.3|9=57|35=0|34=735|49=SERVER|52=20251129-17:13:37.000|56=CLIENT|10=215|
2025-11-29 09:14:07,345 : (Admin) S >> 8=FIX.4.3|9=57|35=0|34=736|49=CLIENT|52=20251129-17:14:07.000|56=SERVER|10=214|
2025-11-29 09:14:07,347 : (Admin) R << 8=FIX.4.3|9=57|35=0|34=736|49=SERVER|52=20251129-17:14:07.000|56=CLIENT|10=214|
2025-11-29 09:14:37,637 : (Admin) S >> 8=FIX.4.3|9=57|35=0|34=737|49=CLIENT|52=20251129-17:14:37.000|56=SERVER|10=218|
2025-11-29 09:14:37,639 : (Admin) R << 8=FIX.4.3|9=57|35=0|34=737|49=SERVER|52=20251129-17:14:37.000|56=CLIENT|10=218|
2025-11-29 09:15:07,918 : (Admin) S >> 8=FIX.4.3|9=57|35=0|34=738|49=CLIENT|52=20251129-17:15:07.000|56=SERVER|10=217|
2025-11-29 09:15:07,920 : (Admin) R << 8=FIX.4.3|9=57|35=0|34=738|49=SERVER|52=20251129-17:15:07.000|56=CLIENT|10=217|
2025-11-29 09:15:37,144 : (Admin) S >> 8=FIX.4.3|9=57|35=0|34=739|49=CLIENT|52=20251129-17:15:37.000|56=SERVER|10=221|
2025-11-29 09:15:37,146 : (Admin) R << 8=FIX.4.3|9=57|35=0|34=739|49=SERVER|52=20251129-17:15:37.000|56=CLIENT|10=221|
2025-11-29 09:16:07,416 : (Admin) R << 8=FIX.4.3|9=57|35=0|34=740|49=SERVER|52=20251129-17:16:07.000|56=CLIENT|10=211|
2025-11-29 09:16:07,417 : (Admin) S >> 8=FIX.4.3|9=57|35=0|34=740|49=CLIENT|52=20251129-17:16:07.000|56=SERVER|10=211|
2025-11-29 09:16:37,694 : (Admin) S >> 8=FIX.4.3|9=57|35=0|34=741|49=CLIENT|52=20251129-17:16:37.000|56=SERVER|10=215|
2025-11-29 09:16:37,698 : (Admin) R << 8=FIX.4.3|9=57|35=0|34=741|49=SERVER|52=20251129-17:16:37.000|56=CLIENT|10=215|
2025-11-29 09:17:07,011 : (Admin) S >> 8=FIX.4.3|9=57|35=0|34=742|49=CLIENT|52=20251129-17:17:07.000|56=SERVER|10=214|
2025-11-29 09:17:07,012 : (Admin) R << 8=FIX.4.3|9=57|35=0|34=742|49=SERVER|52=20251129-17:17:07.000|56=CLIENT|10=214|
